–β‘θ•¶,³‰π,„_
<BOS> ”… z ‚Μ —\’θ ‚π ‚µ ‚½ κ‡ ‚Ι‚¨‚Ά‚Δ <UNK> —\’θ ‚µ ‚½ ”… z ‚ <UNK> Β   ‚Ι »‚Ι ¶‚¶ ‚½ ‘ΉQ ‚Μ z <UNK> “–– ‚ ”… z ‚Μ —\’θ ‚π ‚µ ‚½ –Ϊ“I ‚»‚Μ‘Ό ‚Μ –ξ ‚Ι Ζ‚η‚µ ‚Δ ’‚µ‚­ ‰ί‘ε ‚Ε ‚ ‚ι ‚Ζ‚« ‚Ν <UNK> Β   ‚Ν <UNK> ‘“– ‚Θ •”• ‚π ’΄‚¦‚ι •”• ‚Ι ‚Β‚« <UNK> Β–±  ‚Ι ‚»‚Μ —s ‚π Ώ‹ ‚·‚ι ‚±‚Ζ ‚ ‚Ε‚« ‚Θ‚Ά ‚ΰ‚Μ ‚Ζ ‚·‚ι <UNK> <EOS>, ‚Μ ‹Lq ‚Μ ‚¤‚Ώ <UNK> –―–@ ‚Μ π•¶ ‚Ι ‹K’θ ‚³ ‚κ ‚Δ ‚Ά‚ι ‚ΰ‚Μ ‚Ν ‚Η‚κ ‚© <UNK> <EOS>,A‘Ρ Β–± ‹y‚Ρ A‘Ρ •ΫΨ ‚ΙΦ‚·‚ι  ‚Μ ‹Lq ‚Μ ‚¤‚Ώ <UNK> –―–@ ‚Μ ‹K’θ ‚Ι ‚ζ‚κ ‚Ξ <UNK> ³‚µ‚Ά ‚ΰ‚Μ ‚Ν ‚Η‚κ ‚© <UNK> <EOS>
<BOS> ’ο“– •s“®Y ‚Μ θ—L  ‚Ι‘Ξ‚·‚ι ’ο“–   ‚Ι ξ‚Γ‚­ –WQ ”r Ώ‹   ‚Μ sg ‚Ι “–‚½‚θ <UNK> ’ο“– •s“®Y ‚Μ —L  ‚Ι‚¨‚Ά‚Δ ’ο“–   ‚Ι‘Ξ‚·‚ι NQ ‚ ¶‚¶ ‚Θ‚Ά ‚ζ‚¤ ‚Ι ’ο“– •s“®Y ‚π “KΨ ‚Ι Ϋ Η— ‚·‚ι ‚±‚Ζ ‚ ϊ‘ ‚Ε‚« ‚Θ‚Ά κ‡ ‚Ι ‚Ν <UNK> ’ο“–    ‚Ν <UNK> “–Y θ—L  ‚Ι‘Ξ‚µ <UNK> ’ΌΪ ©Θ ‚Φ ‚Μ ’ο“– •s“®Y ‚Μ –Ύ “n‚µ ‚π ‹‚ί‚ι ‚±‚Ζ ‚ ‚Ε‚«‚ι <UNK> <EOS>, ‚Μ ‹Lq ‚Μ ‚¤‚Ώ <UNK> –―–@ ‚Μ ‹K’θ ‹y‚Ρ ”»—α ‚Ι ‚ζ‚κ ‚Ξ <UNK> λ‚Α ‚Δ ‚Ά‚ι ‚ΰ‚Μ ‚Ν ‚Η‚κ ‚© <UNK> <EOS>, ‚Μ ‹Lq ‚Μ ‚¤‚Ώ <UNK> –―–@ ‚Μ ‹K’θ ‹y‚Ρ ”»—α ‚Ι ‚ζ‚κ ‚Ξ <UNK> λ‚Α ‚Δ ‚Ά‚ι ‚ΰ‚Μ ‚Ν ‚Η‚κ ‚© <UNK> <EOS>
<BOS> A ‚Ν <UNK> ‘ξ’n •¨ ζψ ‹Ζ ‚ΙΦ‚·‚ι ζψ ‚Μ ‘θ•ϋ ‚Ι‘Ξ‚µ <UNK> ζψ ‚ ¬—§ ‚·‚ι ‚ά‚Ε ‚Μ Τ ‚Ι <UNK> ‘ξ’n •¨ ζψ m ‚π ‚µ ‚Δ <UNK> •ΫΨ ‹¦‰ο ‚Μ Πυ ‚Ε ‚ ‚ι | <UNK> “–Y •ΫΨ ‹¦‰ο ‚Μ –ΌΜ <UNK> Z ‹y‚Ρ ––± ‚Μ έ’n <UNK> •ΫΨ ‹¦‰ο ‚ •ΩΟ ‹Ζ–± •ΫΨ ‹ΰ ‚π ‹‘υ ‚µ ‚½ ‹‘υ  <UNK> ‹y‚Ρ ‚»‚Μ έ’n ‚π ΰ–Ύ ‚³ ‚Ή ‚Θ‚―‚κ ‚Ξ ‚Θ‚η ‚Θ‚Ά <UNK> <EOS>,‘ξ’n •¨ ζψ ‹Ζ A <UNK> b §’m– –Ζ‹– <UNK> ‚ ‘ξ’n •¨ ζψ ‹Ζ •ΫΨ ‹¦‰ο <UNK> Θ‰Ί ‚±‚ΜΤ ‚Ι‚¨‚Ά‚Δ <UNK> •ΫΨ ‹¦‰ο <UNK> ‚Ζ ‚Ά‚¤ <UNK> <UNK> ‚Ι ‰Α“ό ‚µ ‚½ κ‡ ‚ΙΦ‚·‚ι  ‚Μ ‹Lq ‚Μ ‚¤‚Ώ <UNK> ‘ξ’n •¨ ζψ ‹Ζ–@ ‚Μ ‹K’θ ‚Ι ‚ζ‚κ ‚Ξ <UNK> ³‚µ‚Ά ‚ΰ‚Μ ‚Ν ‚Η‚κ ‚© <UNK> <EOS>,‘ξ’n •¨ ζψ ‹Ζ A ‚ ‘ξ’n •¨ ζψ ‹Ζ •ΫΨ ‹¦‰ο <UNK> Θ‰Ί ‚±‚ΜΤ ‚Ι‚¨‚Ά‚Δ <UNK> •ΫΨ ‹¦‰ο <UNK> ‚Ζ ‚Ά‚¤ <UNK> <UNK> ‚Ι ‰Α“ό ‚µ ‚Δ ‚Ά‚ι κ‡ ‚ΙΦ‚·‚ι  ‚Μ ‹Lq ‚Μ ‚¤‚Ώ <UNK> ‘ξ’n •¨ ζψ ‹Ζ–@ ‚Μ ‹K’θ ‚Ι ‚ζ‚κ ‚Ξ <UNK> ³‚µ‚Ά ‚ΰ‚Μ ‚Ν ‚Η‚κ ‚© <UNK> <EOS>
<BOS> ”ƒε ‚ ”„ε ‚Ι θ•t ‚π π•t ‚µ ‚½ ‚Ζ‚« ‚Ν <UNK> ”ƒε ‚Ν ‚»‚Μ θ•t ‚π •ϊό ‚µ <UNK> ”„ε ‚Ν ‚»‚Μ ”{z ‚π »ΐ ‚Ι ’ρ‹ ‚µ ‚Δ <UNK> _–ρ ‚Μ ‰π ‚π ‚·‚ι ‚±‚Ζ ‚ ‚Ε‚«‚ι ‚ΰ‚Μ ‚Ζ ‚·‚ι <UNK> ‚½‚Ύ‚µ <UNK> ‚»‚Μ ‘θ•ϋ ‚ _–ρ ‚Μ —s ‚Ι ’…θ ‚µ ‚½ γ ‚Ν <UNK> ‚±‚Μ ΐ‚θ ‚Ε ‚Θ‚Ά ‚ΰ‚Μ ‚Ζ ‚·‚ι | <EOS>, ‚Μ ‹Lq ‚Μ ‚¤‚Ώ <UNK> –―–@ ‚Μ π•¶ ‚Ι ‹K’θ ‚³ ‚κ ‚Δ ‚Ά‚ι ‚ΰ‚Μ ‚Ν ‚Η‚κ ‚© <UNK> <EOS>, ‚Μ ‹Lq ‚Μ ‚¤‚Ώ <UNK> –―–@ ‚Μ π•¶ ‚Ι ‹K’θ ‚³ ‚κ ‚Δ ‚Ά‚ι ‚ΰ‚Μ ‚Ν ‚Η‚κ ‚© <UNK> <EOS>
<BOS> A ‚Ζ ‚Μ ”}‰ξ _–ρ ‚ κ”C ”}‰ξ _–ρ ‚Ε ‚ ‚ι κ‡ <UNK> A ‚Ν <UNK> “–Y ‘ξ’n ‚π ”„”ƒ ‚· ‚Χ‚« ‰Ώz ‚Ι‚Β‚Ά‚Δ Σ© ‚π q‚Χ‚ι ‚Ζ‚« ‚Ν <UNK> ‚»‚Μ ‹’ ‚π –Ύ‚η‚© ‚Ι ‚µ ‚Θ‚―‚κ ‚Ξ ‚Θ‚η ‚Θ‚Ά ‚ <UNK> ‚»‚Μ ‚½‚ί ‚Ι s‚Α ‚½ ‰Ώz ‚Μ Έ’θ “™ ‚Ι —v‚µ ‚½ ”ο—p ‚π A ‚Ι Ώ‹ ‚·‚ι ‚±‚Ζ ‚ ‚Ε‚«‚ι <UNK> <EOS>,‘ξ’n •¨ ζψ ‹Ζ A ‚ <UNK> A —L ‚Μ ‘ξ’n ‚Μ ”„‹p ‚Μ ”}‰ξ Λ— ‚π σ‚― <UNK> A ‚Ζ ”}‰ξ _–ρ ‚π ’χ‹ ‚µ ‚½ κ‡ ‚ΙΦ‚·‚ι  ‚Μ ‹Lq ‚Μ ‚¤‚Ώ <UNK> Ε‚ΰ •s“KΨ ‚Θ ‚ΰ‚Μ ‚Ν ‚Η‚κ ‚© <UNK> <EOS>,‘ξ’n •¨ ζψ ‹Ζ A ‚ <UNK> A —L ‚Μ ‘ξ’n ‚Μ ”„‹p ‚Μ ”}‰ξ Λ— ‚π σ‚― <UNK> A ‚Ζ ”}‰ξ _–ρ ‚π ’χ‹ ‚µ ‚½ κ‡ ‚ΙΦ‚·‚ι  ‚Μ ‹Lq ‚Μ ‚¤‚Ώ <UNK> ‘ξ’n •¨ ζψ ‹Ζ–@ ‚Μ ‹K’θ ‚Ι ‚ζ‚κ ‚Ξ <UNK> ³‚µ‚Ά ‚ΰ‚Μ ‚Ν ‚Η‚κ ‚© <UNK> <EOS>
<BOS> “y’n Σ’θ Ου ‰ο ‚ φ¦ ‚·‚ι •W€ ’n ‚Μ ³ν ‚Θ ‰Ώi ‚Ζ ‚Ν <UNK> “y’n ‚Ι ’nγ   ‚ ‘¶‚·‚ι κ‡ ‚Ι ‚Ν <UNK> “–Y ’nγ   ‚ ‘¶ ‚µ ‚Θ‚Ά ‚ΰ‚Μ ‚Ζ ‚µ ‚Δ <UNK> ©—R ‚Θ ζψ ‚ s‚ν ‚κ‚ι ‚Ζ ‚µ ‚½ κ‡ ‚Ι‚¨‚―‚ι ‚»‚Μ ζψ ‚Ι‚¨‚Ά‚Δ ’Κν ¬—§ ‚·‚ι ‚Ζ ”F‚ί ‚η‚κ‚ι ‰Ώi ‚π ‚Ά‚¤ <UNK> <EOS>,’n‰Ώ φ¦ –@ ‚ΙΦ‚·‚ι  ‚Μ ‹Lq ‚Μ ‚¤‚Ώ <UNK> λ‚Α ‚Δ ‚Ά‚ι ‚ΰ‚Μ ‚Ν ‚Η‚κ ‚© <UNK> <EOS>,’n‰Ώ φ¦ –@ ‚ΙΦ‚·‚ι  ‚Μ ‹Lq ‚Μ ‚¤‚Ώ <UNK> λ‚Α ‚Δ ‚Ά‚ι ‚ΰ‚Μ ‚Ν ‚Η‚κ ‚© <UNK> <EOS>
<BOS> A ‚ <UNK> b § ‚Μ ‹ζζ “ΰ ‚Ι‚¨‚―‚ι ‹Ζ–± ‚ΙΦ‚µ ‚Δ ––± ‹Φ~ ‚Μ • ‚π σ‚― <UNK> b §’m– ‚Ι ζψ ε”C  Ψ ‚π ’ρo ‚µ ‚½ κ‡ <UNK> ‚»‚Μ • ‚Μ ϊΤ ‚ –—Ή ‚µ ‚½ ‚Ζ‚« ‚Ι ‚Ν <UNK> b §’m– ‚Ν <UNK> ’Ό‚Ώ‚Ι <UNK> ζψ ε”C  Ψ ‚π A ‚Ι •Τ ‚µ ‚Θ‚―‚κ ‚Ξ ‚Θ‚η ‚Θ‚Ά <UNK> <EOS>,b §’m– ‚Μ “o^ ‹y‚Ρ ‘ξ’n •¨ ζψ ε”C  Ψ <UNK> Θ‰Ί <UNK> ζψ ε”C  Ψ <UNK> ‚Ζ ‚Ά‚¤ <UNK> <UNK> ‚Μ π•t ‚π σ‚― ‚Δ ‚Ά‚ι ζψ ε”C  A ‚ΙΦ‚·‚ι  ‚Μ ‹Lq ‚Μ ‚¤‚Ώ <UNK> ‘ξ’n •¨ ζψ ‹Ζ–@ ‚Μ ‹K’θ ‚Ι ‚ζ‚κ ‚Ξ <UNK> λ‚Α ‚Δ ‚Ά‚ι ‚ΰ‚Μ ‚Ν ‚Ά‚­‚Β ‚ ‚ι ‚© <UNK> <EOS>,b §’m– ‚Μ “o^ ‚π σ‚― ‚Δ ‚Ά‚ι ‘ξ’n •¨ ζψ m A ‚ <UNK> ‘ξ’n •¨ ζψ ‹Ζ A <UNK> b §’m– –Ζ‹– <UNK> ‚Μ ‹K’θ ‚ΙΦ‚·‚ι  ‚Μ ‹Lq ‚Μ ‚¤‚Ώ <UNK> λ‚Α ‚Δ ‚Ά‚ι ‚ΰ‚Μ ‚Ν ‚Η‚κ ‚© <UNK> <EOS>
<BOS> ‘ξ’n •¨ ζψ ‹Ζ ‚Ν ζψ ‚Μ ‘θ•ϋ ‚Μ  — ‚Μ ΐs ‚Ι‚ζ‚θ ‰c‹Ζ •ΫΨ ‹ΰ ‚Μ z ‚ ­—ί ‚Ε ’θ‚ί‚ι z ‚Ι •s‘« ‚·‚ι ‚±‚Ζ ‚Ζ ‚Θ‚Α ‚½ ‚Ζ‚« ‚Ν ’Κ’m ‘ ‚Μ ‘—•t ‚π σ‚― ‚½ “ϊ ‚©‚η <NUM> TΤ Θ“ΰ ‚Ι •s‘« z ‚π ‹ΰ‘K ‚Ε ‹‘υ ‚µ ‚Θ‚―‚κ ‚Ξ ‚Θ‚η ‚Θ‚Ά <EOS>,‘ξ’n •¨ ζψ ‹Ζ–@ ‚Ι ‹K’θ ‚·‚ι ‰c‹Ζ •ΫΨ ‹ΰ ‚ΙΦ‚·‚ι  ‚Μ ‹Lq ‚Μ ‚¤‚Ώ ³‚µ‚Ά ‚ΰ‚Μ ‚Ν ‚Η‚κ ‚© <EOS>,‘ξ’n •¨ ζψ ‹Ζ ‚Ι ”υ•t‚― ‚ ‹`–±•t‚― ‚η‚κ ‚Δ ‚Ά‚ι ‹Ζ–± ‚ΙΦ‚·‚ι ’ •λ Θ‰Ί ‚±‚Μ –β ‚Ι‚¨‚Ά‚Δ •ΫΨ ‹¦‰ο ‚Ζ‚Ά‚¤ ‚ΙΦ‚·‚ι  ‚Μ ‹Lq ‚Μ ‚¤‚Ώ ‘ξ’n •¨ ζψ ‹Ζ–@ ‚Μ ‹K’θ ‚Ι ‚ζ‚κ ‚Ξ ³‚µ‚Ά ‚ΰ‚Μ ‚Ν ‚Η‚κ ‚© <EOS>
<BOS> –@l ‚Μ ]‹Ζ  ‚ <UNK> ‚»‚Μ –@l ‚Μ ‹Ζ–± ‚ΙΦ‚µ <UNK> ”_’n –@ ‘ζ <NUM> π ‘ζ <NUM> € ‚Μ ‹–‰Β ‚π —v‚·‚ι ”_’n ‚Μ  — Ϊ“] ‚Ι‚Β‚Ά‚Δ <UNK> ‚±‚κ‚η ‚Μ ‹–‰Β ‚π σ‚― ‚Θ‚Ά ‚Ε sΧ ‚π ‚µ ‚½ κ‡ ‚Ι ‚Ν <UNK> sΧ  ‚Ε ‚ ‚ι “–Y ]‹Ζ  ‚Ύ‚― ‚ ”±‘¥ ‚Μ “K—p ‚π σ‚―‚ι <UNK> <EOS>,”_’n –@ ‚ΙΦ‚·‚ι  ‚Μ ‹Lq ‚Μ ‚¤‚Ώ <UNK> ³‚µ‚Ά ‚ΰ‚Μ ‚Ν ‚Η‚κ ‚© <UNK> <EOS>,‘ξ’n •¨ ζψ ‹Ζ–@ ‚ΙΦ‚·‚ι  ‚Μ ‹Lq ‚Μ ‚¤‚Ώ <UNK> λ‚Α ‚Δ ‚Ά‚ι ‚ΰ‚Μ ‚Ν ‚Η‚κ ‚© <UNK> <EOS>
<BOS> A ‚Ζ ‚Μ ”}‰ξ _–ρ ‚ κ”C ”}‰ξ _–ρ ‚Ε ‚ ‚ι κ‡ <UNK> “–Y ‘ξ’n ‚ΙΦ‚·‚ι ’θ ‚Μ –€ ‚π w’θ —¬’Κ ‹@\ ‚Φ “o^ ‚µ ‚½ A ‚Ν <UNK> “o^ ‚π ‚µ ‚½ w’θ —¬’Κ ‹@\ ‚ ”­s ‚µ ‚½ “o^ ‚π Ψ‚·‚ι ‘–Κ ‚π <UNK> ’x‘Ψ ‚Θ‚­ A ‚Ι ψ‚«“n‚³ ‚Θ‚―‚κ ‚Ξ ‚Θ‚η ‚Θ‚Ά <UNK> <EOS>,‘ξ’n •¨ ζψ ‹Ζ A ‚ <UNK> A —L ‚Μ ‘ξ’n ‚Μ ”„‹p ‚Μ ”}‰ξ Λ— ‚π σ‚― <UNK> A ‚Ζ ”}‰ξ _–ρ ‚π ’χ‹ ‚µ ‚½ κ‡ ‚ΙΦ‚·‚ι  ‚Μ ‹Lq ‚Μ ‚¤‚Ώ <UNK> Ε‚ΰ •s“KΨ ‚Θ ‚ΰ‚Μ ‚Ν ‚Η‚κ ‚© <UNK> <EOS>,‘ξ’n •¨ ζψ ‹Ζ A ‚ <UNK> A —L ‚Μ ‘ξ’n ‚Μ ”„‹p ‚Μ ”}‰ξ Λ— ‚π σ‚― <UNK> A ‚Ζ ”}‰ξ _–ρ ‚π ’χ‹ ‚µ ‚½ κ‡ ‚ΙΦ‚·‚ι  ‚Μ ‹Lq ‚Μ ‚¤‚Ώ <UNK> Ε‚ΰ •s“KΨ ‚Θ ‚ΰ‚Μ ‚Ν ‚Η‚κ ‚© <UNK> <EOS>
<BOS> –{ _–ρ ‚Ι κ’θ ‚Μ ϊΤ ’ΐ—Ώ ‘z Ώ‹ ‚π ‚µ ‚Θ‚Ά “Α–ρ ‚ •t‚³ ‚κ ‚Δ ‚Ά‚ι κ‡ <UNK> •¨ ‚Μ ‰Ώi ‚Μ γΈ ‚»‚Μ‘Ό ‚Μ oΟ –ξ ‚Μ •Ο“® ‚Ι‚ζ‚θ ‰Ζ’ΐ ‚ •s ‘“– ‚Ι ’αz ‚Ζ ‚Θ‚Α ‚½ ‚Ζ‚« ‚Ν <UNK> A ‚Ν <UNK> ’ΐ—Ώ ‘z ‚Μ Ώ‹ ‚π ‚·‚ι ‚±‚Ζ ‚ ‚Ε‚«‚ι <UNK> <EOS>,‘έε ‚π A <UNK> Ψε ‚π A ‚Ζ ‚·‚ι •¨ ‚Μ ’ΐ‘έΨ _–ρ <UNK> Θ‰Ί ‚±‚ΜΤ ‚Ι‚¨‚Ά‚Δ <UNK> –{ _–ρ <UNK> ‚Ζ ‚Ά‚¤ <UNK> <UNK> ‚ΙΦ‚·‚ι  ‚Μ ‹Lq ‚Μ ‚¤‚Ώ <UNK> Ψ’n Ψ‰Ζ –@ ‚Μ ‹K’θ ‹y‚Ρ ”»—α ‚Ι ‚ζ‚κ ‚Ξ <UNK> ³‚µ‚Ά ‚ΰ‚Μ ‚Ν ‚Η‚κ ‚© <UNK> <EOS>,‘έε ‚π A <UNK> Ψε ‚π A ‚Ζ ‚·‚ι •¨ ‚Μ ’ΐ‘έΨ _–ρ <UNK> Θ‰Ί ‚±‚ΜΤ ‚Ι‚¨‚Ά‚Δ <UNK> –{ _–ρ <UNK> ‚Ζ ‚Ά‚¤ <UNK> <UNK> ‚ΙΦ‚·‚ι  ‚Μ ‹Lq ‚Μ ‚¤‚Ώ <UNK> Ψ’n Ψ‰Ζ –@ ‚Μ ‹K’θ ‹y‚Ρ ”»—α ‚Ι ‚ζ‚κ ‚Ξ <UNK> ³‚µ‚Ά ‚ΰ‚Μ ‚Ν ‚Η‚κ ‚© <UNK> <EOS>
<BOS> ‹@\ ‚Ν <UNK> ‚—ξ  ‚Μ ‰Ζ’λ ‚Ι “K‚µ ‚½ —ΗD ‚Θ ‹Z «”\ ‹y‚Ρ ‹Z Β‹« ‚π —L‚·‚ι Z‘ξ ‚Ζ ‚·‚ι ‚±‚Ζ ‚π ε‚½‚ι –Ϊ“I ‚Ζ ‚·‚ι V’z Z‘ξ ‚Μ ζ“Ύ ‚Ι •K—v ‚Θ ‘‹ΰ ‚Μ ‘έ •t‚― ‚π <UNK> “–Y Z‘ξ ‚Ι ‹Z ‚µ‚ζ ‚¤ ‚Ζ ‚·‚ι ‚—ξ  ‚Ι ’ΌΪ s‚¤ <UNK> <EOS>,“Ζ—§ s­ –@l Z‘ξ ‹ΰ—Z x‰‡ ‹@\ <UNK> Θ‰Ί ‚±‚ΜΤ ‚Ι‚¨‚Ά‚Δ <UNK> ‹@\ <UNK> ‚Ζ ‚Ά‚¤ <UNK> <UNK> ‚ s‚¤ ‹Ζ–± ‚ΙΦ‚·‚ι  ‚Μ ‹Lq ‚Μ ‚¤‚Ώ <UNK> λ‚Α ‚Δ ‚Ά‚ι ‚ΰ‚Μ ‚Ν ‚Η‚κ ‚© <UNK> <EOS>,“Ζ—§ s­ –@l Z‘ξ ‹ΰ—Z x‰‡ ‹@\ <UNK> Θ‰Ί ‚±‚ΜΤ ‚Ι‚¨‚Ά‚Δ <UNK> ‹@\ <UNK> ‚Ζ ‚Ά‚¤ <UNK> <UNK> ‚ s‚¤ ‹Ζ–± ‚ΙΦ‚·‚ι  ‚Μ ‹Lq ‚Μ ‚¤‚Ώ <UNK> λ‚Α ‚Δ ‚Ά‚ι ‚ΰ‚Μ ‚Ν ‚Η‚κ ‚© <UNK> <EOS>
<BOS> V’z •χ ƒ}ƒ“ƒVƒ‡ƒ“ <UNK> ‘S <NUM> Λ <UNK> ζψ ‰Ώi <NUM> <UNK> <NUM> <NUM> ‰~ ` <NUM> <UNK> <NUM> <NUM> ‰~ <UNK> ‚π ”Μ”„ ‚·‚ι ‚Ι “–‚½‚θ <UNK> w“ό  ‚Μ ’† ‚©‚η ’‘I ‚Ε <NUM> –Ό ‚Ι‘Ξ‚µ <UNK> <NUM> <NUM> ‰~ ‚π ƒLƒƒƒbƒVƒ… ƒpƒbƒN ‚·‚ι | ‚Μ ι‰ζ ‚Ε ‚ ‚κ ‚Ξ ΐ{ ‚·‚ι ‚±‚Ζ ‚ ‚Ε‚«‚ι <UNK> <EOS>,‘ξ’n •¨ ζψ ‹Ζ ‚ s‚¤ L “™ ‚ΙΦ‚·‚ι  ‚Μ ‹Lq ‚Μ ‚¤‚Ώ <UNK> •s“– i•i —ή ‹y‚Ρ •s“– •\¦ –h~ –@ <UNK> •s“®Y ‚Μ •\¦ ‚ΙΦ‚·‚ι φ³ ‹£‘ ‹K–ρ ‚¨‚ζ‚Ρ •s“®Y ‚Ι‚¨‚―‚ι i•i —ή ‚Μ ’ρ‹ ‚Μ §ΐ ‚ΙΦ‚·‚ι φ³ ‹£‘ ‹K–ρ ‚π ά‚ή <UNK> <UNK> ‚Μ ‹K’θ ‚Ι ‚ζ‚κ ‚Ξ <UNK> ³‚µ‚Ά ‚ΰ‚Μ ‚Ν ‚Η‚κ ‚© <UNK> <EOS>,‘ξ’n •¨ ζψ ‹Ζ ‚ s‚¤ L “™ ‚ΙΦ‚·‚ι  ‚Μ ‹Lq ‚Μ ‚¤‚Ώ <UNK> •s“– i•i —ή ‹y‚Ρ •s“– •\¦ –h~ –@ <UNK> •s“®Y ‚Μ •\¦ ‚ΙΦ‚·‚ι φ³ ‹£‘ ‹K–ρ ‚π ά‚ή <UNK> <UNK> ‚Μ ‹K’θ ‚Ι ‚ζ‚κ ‚Ξ <UNK> ³‚µ‚Ά ‚ΰ‚Μ ‚Ν ‚Η‚κ ‚© <UNK> <EOS>
<BOS> A ‚Μ Β–± •s—s ‚π ——R ‚Ι _–ρ ‚ ‰π ‚³ ‚κ ‚½ κ‡ <UNK> A ‚Ν ΐΫ ‚Μ ‘ΉQ z ‚ <NUM> <UNK> <NUM> <NUM> ‰~ ‚ζ‚θ ‚ΰ ­‚Θ‚©‚Α ‚½ ‚Ζ‚« ‚Ι ‚Ν <UNK> ‚±‚κ ‚π —§Ψ ‚µ ‚Δ α–ρ ‹ΰ ‚Μ Έz ‚π Ώ‹ ‚·‚ι ‚±‚Ζ ‚ ‚Ε‚«‚ι <UNK> <EOS>,A ‚Ν A ‚©‚η A —L ‚Μ “y’n •t •¨ ‚π <NUM> <NUM> ‰~ ‚Ε w“ό ‚·‚ι _–ρ ‚π ’χ‹ ‚µ <UNK> “–Y _–ρ ‚Μ “ϊ ‚Ι θ•t ‹ΰ <NUM> <UNK> <NUM> <NUM> ‰~ ‚π x•¥‚Ά <UNK> <NUM> ƒ• γ ‚Ι ’†Τ ‹ΰ <NUM> <UNK> <NUM> <NUM> ‰~ ‚π x•¥‚Α ‚½ <UNK> ‚»‚Μγ A ‚Ν ‘‹ΰ “ο ‚Ι Χ‚θ <UNK> “–Y “y’n •t •¨ ‚Μ ψ“n‚µ ϊ“ϊ ‚Ι <UNK> ψ“n‚µ ‚Ζ “―‚Ι x•¥‚¤ ‚±‚Ζ ‚Ι ‚Θ‚Α ‚Δ ‚Ά ‚½ c ‘γ‹ΰ ‚π x•¥‚¤ ‚±‚Ζ ‚ ‚Ε‚« ‚Θ‚­ ‚Θ‚Α ‚½ <UNK> ‚±‚Μ ”„”ƒ _–ρ ‚Ι‚¨‚Ά‚Δ <UNK> α–ρ ‹ΰ ‚Ν <NUM> <UNK> <NUM> <NUM> ‰~ ‚Ζ ’θ‚ί ‚η‚κ ‚Δ ‚Ά ‚½ <UNK> <UNK> ‚±‚Μ κ‡ ‚ΙΦ‚·‚ι Θ‰Ί ‚Μ ‹Lq ‚Μ ‚¤‚Ώ <UNK> –―–@ ‚Μ ‹K’θ ‹y‚Ρ ”»—α ‚Ι ‚ζ‚κ ‚Ξ <UNK> ³‚µ‚Ά ‚ΰ‚Μ ‚Ν ‚Η‚κ ‚© <UNK> <EOS>,A ‚Ν A ‚©‚η A —L ‚Μ •¨ ‚π ’ΐΨ ‚µ “Α’i ‚Μ ’θ‚ί ‚π ‚·‚ι ‚±‚Ζ ‚Θ‚­ •~‹ΰ <NUM> <NUM> ‰~ ‚π A ‚Ι π•t ‚µ ‚½ ‚±‚Μ κ‡ ‚Μ A ‚Μ A ‚Ι‘Ξ‚·‚ι •~‹ΰ •Τ Ώ‹   ‚ΙΦ‚·‚ι  ‚Μ ‹Lq ‚Μ ‚¤‚Ώ <UNK> –―–@ ‚Μ ‹K’θ ‹y‚Ρ ”»—α ‚Ι ‚ζ‚κ ‚Ξ <UNK> ³‚µ‚Ά ‚ΰ‚Μ ‚Ν ‚Η‚κ ‚© <UNK> <EOS>
<BOS> A ‚Ν <UNK> θ•t ‹ΰ <NUM> <UNK> <NUM> <NUM> ‰~ ‚π σ—Μ ‚µ ‚½ γ <UNK> A ‚Φ ‚Μ ƒ}ƒ“ƒVƒ‡ƒ“ ‚Μ ψ“n‚µ γ ‚Ι c ‘γ‹ΰ ‚Ζ ‚µ ‚Δ <NUM> <UNK> <NUM> <NUM> ‰~ ‚π σ—Μ ‚·‚ι ‚Ι“–‚½‚Α‚Δ <UNK> ‰½‚η ‚Μ θ•t ‹ΰ “™ ‚Μ •Ϋ‘S ‘[’u ‚π u‚¶ ‚Θ‚©‚Α ‚½ <UNK> <EOS>,‘ξ’n •¨ ζψ ‹Ζ A ‚ ©‚η ”„ε ‚Ζ ‚Θ‚Α ‚Δ ‘ξ’n •¨ ζψ ‹Ζ ‚Ε ‚Θ‚Ά A ‚Ζ ƒ}ƒ“ƒVƒ‡ƒ“ <UNK> H– ®—Ή Ο <UNK> ‘γ‹ΰ <NUM> <NUM> ‰~ <UNK> ‚Μ ”„”ƒ _–ρ ‚π ’χ‹ ‚µ ‚½ κ‡ ‚ΙΦ‚·‚ι  ‚Μ ‹Lq ‚Μ ‚¤‚Ώ <UNK> ‘ξ’n •¨ ζψ ‹Ζ–@ ‚Μ ‹K’θ ‚Ι α”½ ‚·‚ι ‚ΰ‚Μ ‚Ν ‚Η‚κ ‚© <UNK> <EOS>,‘ξ’n •¨ ζψ ‹Ζ A ‚ ©‚η ”„ε ‚Ζ ‚µ ‚Δ <UNK> ‘ξ’n •¨ ζψ ‹Ζ ‚Ε ‚Θ‚Ά A ‚Ζ ’†Γ •¨ ‚Μ ”„”ƒ _–ρ ‚π ’χ‹ ‚µ ‚½ κ‡ ‚Ι‚¨‚―‚ι <UNK> ‘ξ’n •¨ ζψ ‹Ζ–@ ‘ζ <NUM> π ‚Μ <NUM> ‚Μ ‹K’θ ‚Ι α”½ ‚µ ‚Θ‚Ά ‚ΰ‚Μ ‚Ν ‚Η‚κ ‚© <UNK> <EOS>
<BOS> ‹@\ ‚Ν <UNK> ΠQ •‹» ’z •¨ ‚Μ w“ό ‚Ι •K—v ‚Θ ‘‹ΰ ‚Μ ‘έ •t‚― ‚Μ ΐ{ ‚Ι“–‚½‚Α‚Δ ‚Ν <UNK> ‘–― ‚Ι‘Ξ‚·‚ι Z‘ξ ‚Μ έ “™ ‚Ι •K—v ‚Θ ’·ϊ ‘‹ΰ ‚Μ —Z’Κ ‚ ‰~ ‚Ι s‚ν ‚κ‚ι ‚ζ‚¤ “w‚ί ‚Θ‚―‚κ ‚Ξ ‚Θ‚η ‚Θ‚Ά <UNK> <EOS>,“Ζ—§ s­ –@l Z‘ξ ‹ΰ—Z x‰‡ ‹@\ <UNK> Θ‰Ί <UNK> ‹@\ <UNK> ‚Ζ ‚Ά‚¤ <UNK> <UNK> ‚ΙΦ‚·‚ι  ‚Μ ‹Lq ‚Μ ‚¤‚Ώ <UNK> λ‚Α ‚Δ ‚Ά‚ι ‚ΰ‚Μ ‚Ν ‚Η‚κ ‚© <UNK> <EOS>,“Ζ—§ s­ –@l Z‘ξ ‹ΰ—Z x‰‡ ‹@\ <UNK> Θ‰Ί <UNK> ‹@\ <UNK> ‚Ζ ‚Ά‚¤ <UNK> <UNK> ‚Μ ‹Ζ–± ‚ΙΦ‚·‚ι  ‚Μ ‹Lq ‚Μ ‚¤‚Ώ <UNK> λ‚Α ‚Δ ‚Ά‚ι ‚ΰ‚Μ ‚Ν ‚Η‚κ ‚© <UNK> <EOS>
<BOS> “–– ‚Μ Β–± •s—s ‚π ——R ‚Ζ ‚·‚ι _–ρ ‚Μ ‰π ‚Ι ”Ί‚¤ ‘ΉQ ”… ‚Μ —\’θ z ‚π ’θ‚ί ‚Δ ‚Ά ‚Θ‚Ά κ‡ ‘ΉQ ”… ‚Μ Ώ‹ z ‚Ν ”„”ƒ ‘γ‹ΰ ‚Μ z ‚π ’΄‚¦ ‚Δ ‚Ν ‚Θ‚η ‚Θ‚Ά <EOS>,‘ξ’n •¨ ζψ ‹Ζ A ‚ ©‚η ”„ε ‚Ζ‚µ‚Δ ‘ξ’n •¨ ζψ ‹Ζ ‚Ε ‚Θ‚Ά ”ƒε A ‚Ζ ‚Μ Τ ‚Ε ‘ξ’n ‚Μ ”„”ƒ _–ρ ‚π ’χ‹ ‚µ ‚½ κ‡ ‚Ι‚¨‚―‚ι  ‚Μ ‹Lq ‚Μ ‚¤‚Ώ –―–@ ‹y‚Ρ ‘ξ’n •¨ ζψ ‹Ζ–@ ‚Μ ‹K’θ •ΐ‚Ρ‚Ι ”»—α ‚Ι ‚ζ‚κ ‚Ξ ³‚µ‚Ά ‚ΰ‚Μ ‚Ν ‚Η‚κ ‚© <EOS>,‘ξ’n •¨ ζψ ‹Ζ ‚ ©‚η ”„ε ‚Ζ‚µ‚Δ ‘ξ’n •¨ ζψ ‹Ζ ‚Ε ‚Θ‚Ά A ‚Ζ ‚Μ Τ ‚Ε ’χ‹ ‚µ ‚½ ”„”ƒ _–ρ ‚ΙΦ‚·‚ι  ‚Μ ‹Lq ‚Μ ‚¤‚Ώ ‘ξ’n •¨ ζψ ‹Ζ–@ ‚Μ ‹K’θ ‚Ι ‚ζ‚κ ‚Ξ ³‚µ‚Ά ‚ΰ‚Μ ‚Ν ‚Η‚κ ‚© <EOS>
<BOS> A ‚Ζ A ‚Ζ ‚ ‘γ‹ΰ ‚Μ •‰’S •”• ‚π <NUM> <NUM> ‰~ ‚Έ‚Β ‚Ζ ’θ‚ί ‚Δ ‚Ά ‚½ κ‡ A ‚Ν A ‚©‚η <NUM> <NUM> ‰~ Ώ‹ ‚³ ‚κ ‚Δ ‚ΰ <NUM> <NUM> ‰~ ‚π x•¥‚¦ ‚Ξ ‚ζ‚Ά <EOS>,A ‚Ζ A ‚Ζ ‚ ‹¤“― ‚Ε A ‚©‚η A —L ‚Μ “y’n ‚π <NUM> <NUM> ‰~ ‚Ε w“ό ‚µ ‘γ‹ΰ ‚π A‘Ρ ‚µ ‚Δ •‰’S ‚·‚ι A‘Ρ Β–± ‚Ζ ’θ‚ί A ‚Ν A E A ‚Ι “o‹L ψ“n‚µ ‚π ‚µ ‚½ ‚Μ‚Ι A E A ‚ x•¥ ‚π ‚µ ‚Θ‚Ά κ‡ ‚Μ  ‚Μ ‹Lq ‚Μ ‚¤‚Ώ –―–@ ‚Μ ‹K’θ ‚Ι ‚ζ‚κ ‚Ξ ³‚µ‚Ά ‚ΰ‚Μ ‚Ν ‚Η‚κ ‚© <EOS>,‘ξ’n •¨ ζψ ‹Ζ A ‚Ν ©‚η ”„ε ‚Ζ ‚Θ‚Α ‚Δ ‘ξ’n •¨ ζψ ‹Ζ ‚Ε ‚Θ‚Ά A ‚Ι ’z H– ®—Ή ‘O ‚Μ ƒ}ƒ“ƒVƒ‡ƒ“ ‚π <NUM> <NUM> ‰~ ‚Ε ”Μ”„ ‚·‚ι κ‡ ‚ΙΦ‚·‚ι  ‚Μ ‹Lq ‚Μ ‚¤‚Ώ ‘ξ’n •¨ ζψ ‹Ζ–@ ‚Μ ‹K’θ ‚Ι ‚ζ‚κ ‚Ξ λ‚Α ‚Δ ‚Ά‚ι ‚ΰ‚Μ ‚Ν ‚Η‚κ ‚© ‚Θ‚¨ <NUM> ‚© • ‚Μ Ψ ’ΐ ‚Ν <NUM> <NUM> ‰~ <NUM> ‰~ <NUM> <NUM> ‰~ <NUM> ‚π ά‚ή <NUM> ‰~ ‚Ε ‚ ‚ι <EOS>
<BOS> γ “ϊ–{ _–ρ ‘ ‚π μ¬ ‚·‚ι ‚±‚Ζ ‚π •¶‘ γ ‚Ε –Ύ‚η‚© ‚Ι ‚µ ‚½ “y’n ‚π <NUM> <NUM> ‰~ ‚Ε χ“n ‚·‚ι ‚±‚Ζ ‚π Ψ‚µ ‚½ ‰Ό _–ρ ‘ ‚Ι ‚Ν σ† Ε ‚Ν ‰Ϋ‚³ ‚κ ‚Θ‚Ά <EOS>,σ† Ε ‚ΙΦ‚·‚ι  ‚Μ ‹Lq ‚Μ ‚¤‚Ώ ³‚µ‚Ά ‚ΰ‚Μ ‚Ν ‚Η‚κ ‚© <EOS>,σ† Ε ‚ΙΦ‚·‚ι  ‚Μ ‹Lq ‚Μ ‚¤‚Ώ ³‚µ‚Ά ‚ΰ‚Μ ‚Ν ‚Η‚κ ‚© <EOS>
<BOS> –³   ‘γ—l ‚Ν <UNK> ‘θ•ϋ ‚ –³   ‘γ—l ‚Ι‘Ξ‚µ ‚Ε‚µ ‚½ —s –”‚Ν ‘ΉQ ”… ‚Μ Ώ‹ ‚Ι‘Ξ‚µ ‚Δ <UNK> •\ © ‘γ— ‚ ¬—§ ‚·‚ι ‚±‚Ζ ‚π ε’£ ‚µ ‚Δ ©Θ ‚Μ Σ”C ‚π –Ζ‚κ‚ι ‚±‚Ζ ‚ ‚Ε‚«‚ι <UNK> <EOS>,‘γ— ‚ΙΦ‚·‚ι  ‚Μ ‹Lq ‚Μ ‚¤‚Ώ <UNK> –―–@ ‚Μ ‹K’θ ‹y‚Ρ ”»—α ‚Ι ‚ζ‚κ ‚Ξ <UNK> λ‚Α ‚Δ ‚Ά‚ι ‚ΰ‚Μ‚Μ ‘g‡‚Ή ‚Ν ‚Η‚κ ‚© <UNK> <EOS>, ‚Μ ‹Lq ‚Μ ‚¤‚Ώ <UNK> –―–@ ‚Μ π•¶ ‚Ι ‹K’θ ‚³ ‚κ ‚Δ ‚Ά‚ι ‚ΰ‚Μ ‚Ν ‚Η‚κ ‚© <UNK> <EOS>
<BOS> ”_’n <UNK> <NUM> ƒwƒNƒ^[ƒ‹ <UNK> ‚π ‘ή ’uκ ‚Ι “]—p ‚·‚ι κ‡ ‚Ν <UNK> –@ ‘ζ <NUM> π ‘ζ <NUM> € –”‚Ν –@ ‘ζ <NUM> π ‘ζ <NUM> € ‚Μ ”_—Ρ …Y ‘εb ‚Μ ‹–‰Β ‚π σ‚― ‚Θ‚―‚κ ‚Ξ ‚Θ‚η ‚Θ‚Ά <UNK> <EOS>,”_’n ‚ΙΦ‚·‚ι  ‚Μ ‹Lq ‚Μ ‚¤‚Ώ <UNK> ”_’n –@ <UNK> Θ‰Ί ‚±‚ΜΤ ‚Ι‚¨‚Ά‚Δ <UNK> –@ <UNK> ‚Ζ ‚Ά‚¤ <UNK> <UNK> ‚Μ ‹K’θ ‚Ι ‚ζ‚κ ‚Ξ <UNK> ³‚µ‚Ά ‚ΰ‚Μ ‚Ν ‚Η‚κ ‚© <UNK> <EOS>,”_’n –@ ‚ΙΦ‚·‚ι  ‚Μ ‹Lq ‚Μ ‚¤‚Ώ <UNK> λ‚Α ‚Δ ‚Ά‚ι ‚ΰ‚Μ ‚Ν ‚Η‚κ ‚© <UNK> <EOS>
<BOS> A Π ‚ –Ζ‹– ‚Μ XV ‚π σ‚―‚ζ ‚¤ ‚Ζ ‚·‚ι κ‡ ‚Ι ‚Ν <UNK> –Ζ‹– ‚Μ —Lψ ϊΤ –—Ή ‚Μ “ϊ ‚Μ <NUM> “ϊ ‘O ‚ά‚Ε ‚Ι –Ζ‹– \Ώ ‘ ‚π ’ρo ‚µ ‚Θ‚―‚κ ‚Ξ ‚Θ‚η ‚Θ‚Ά <UNK> <EOS>,‘ξ’n •¨ ζψ ‹Ζ A Π ‚ b §’m– ‚©‚η –Ζ‹– ‚π σ‚― ‚Δ ‚Ά‚ι κ‡ ‚ΙΦ‚·‚ι  ‚Μ ‹Lq ‚Μ ‚¤‚Ώ <UNK> ³‚µ‚Ά ‚ΰ‚Μ ‚Ν ‚Ά‚­‚Β ‚ ‚ι ‚© <UNK> <EOS>,–Ζ‹– ‚ΙΦ‚·‚ι  ‚Μ ‹Lq ‚Μ ‚¤‚Ώ <UNK> ‘ξ’n •¨ ζψ ‹Ζ–@ ‚Μ ‹K’θ ‚Ι ‚ζ‚κ ‚Ξ <UNK> ³‚µ‚Ά ‚ΰ‚Μ ‚Ν ‚Ά‚­‚Β ‚ ‚ι ‚© <UNK> <EOS>
<BOS> •½¬ <NUM> ”N“x –@l ι‹Ζ “v ”N•ρ <UNK> ΰ–±Θ <UNK> ‚Ι ‚ζ‚κ ‚Ξ <UNK> •½¬ <NUM> ”N“x ‚Μ •s“®Y ‹Ζ ‚Μ ”„γ ‚ ‚Ν –ρ <NUM> <NUM> <NUM> <UNK> <NUM> <NUM> ‰~ ‚Ε <UNK> <NUM> ”N A‘± ‚Ε ‘‰Α ‚µ ‚Δ ‚Ά‚ι <UNK> <EOS>,‘ξ’n •¨ ‚Μ “v ‚ΙΦ‚·‚ι  ‚Μ ‹Lq ‚Μ ‚¤‚Ώ <UNK> ³‚µ‚Ά ‚ΰ‚Μ ‚Ν ‚Η‚κ ‚© <UNK> <EOS>,‘ξ’n •¨ ‚Μ “v ‚ΙΦ‚·‚ι  ‚Μ ‹Lq ‚Μ ‚¤‚Ώ <UNK> ³‚µ‚Ά ‚ΰ‚Μ ‚Ν ‚Η‚κ ‚© <UNK> <EOS>
<BOS> •½¬ <NUM> ”N <NUM>  ‚Ι ‘ξ’n ‚π ζ“Ύ ‚µ ‚½ κ‡ “–Y ζ“Ύ ‚Ι W‚ι •s“®Y ζ“Ύ Ε ‚Μ ‰ΫΕ •W€ ‚Ν “–Y ‘ξ’n ‚Μ ‰Ώi ‚Μ <NUM> •‚Μ <NUM> ‚Μ z ‚Ζ ‚³ ‚κ‚ι <EOS>,•s“®Y ζ“Ύ Ε ‚ΙΦ‚·‚ι  ‚Μ ‹Lq ‚Μ ‚¤‚Ώ ³‚µ‚Ά ‚ΰ‚Μ ‚Ν ‚Η‚κ ‚© <EOS>,•s“®Y ζ“Ύ Ε ‚ΙΦ‚·‚ι  ‚Μ ‹Lq ‚Μ ‚¤‚Ώ ³‚µ‚Ά ‚ΰ‚Μ ‚Ν ‚Η‚κ ‚© <EOS>
<BOS> A Τ ‚Ε κ‘® κ”C ”}‰ξ _–ρ ‚π ’χ‹ ‚µ ‚½ κ‡ A ‚Ν A ‚ ’Tυ ‚µ ‚½ ‘θ•ϋ ΘO ‚Μ  ‚Ζ ”„”ƒ _–ρ ‚π ’χ‹ ‚·‚ι ‚±‚Ζ ‚ ‚Ε‚« ‚Θ‚Ά <EOS>,‘ξ’n •¨ ζψ ‹Ζ A ‚ A —L ‚Μ ‘ξ’n ‚Μ ”„‹p ‚Μ ”}‰ξ Λ— ‚π σ‚― A ‚Ζ ”}‰ξ _–ρ ‚π ’χ‹ ‚µ ‚½ κ‡ ‚ΙΦ‚·‚ι  ‚Μ ‹Lq ‚Μ ‚¤‚Ώ ‘ξ’n •¨ ζψ ‹Ζ–@ ‚Μ ‹K’θ ‚Ι ‚ζ‚κ ‚Ξ ³‚µ‚Ά ‚ΰ‚Μ ‚Ν ‚Ά‚­‚Β ‚ ‚ι ‚© <EOS>,‘ξ’n •¨ ζψ ‹Ζ A ‚ A ‚©‚η A —L ‚Μ “y’n •t •¨ ‚Μ ”„‹p ‚Μ ”}‰ξ ‚π Λ— ‚³ ‚κ A ‚Ζ ”}‰ξ _–ρ ‚π ’χ‹ ‚µ ‚½ κ‡ ‚ΙΦ‚·‚ι  ‚Μ ‹Lq ‚Μ ‚¤‚Ώ ‘ξ’n •¨ ζψ ‹Ζ–@ ‚Μ ‹K’θ ‚Ι ‚ζ‚κ ‚Ξ λ‚Α ‚Δ ‚Ά‚ι ‚ΰ‚Μ ‚Ν ‚Η‚κ ‚© <EOS>
<BOS> € –h‰Ξ ’nζ “ΰ ‚Ι ‚ ‚ι –Ψ‘Ά ’z •¨ ‚Ν <UNK> ‚»‚Μ O•Η ‹y‚Ρ ¬ —  ‚Ε ‰„Δ ‚Μ ‚¨ ‚»‚κ ‚Μ ‚ ‚ι •”• ‚π –h‰Ξ \‘Ά ‚Ζ ‚µ ‚Θ‚―‚κ ‚Ξ ‚Θ‚η ‚Θ‚Ά <UNK> <EOS>,–h‰Ξ ’nζ ‹y‚Ρ € –h‰Ξ ’nζ ‚ΙΦ‚·‚ι  ‚Μ ‹Lq ‚Μ ‚¤‚Ώ <UNK> ’z ξ€ –@ ‚Μ ‹K’θ ‚Ι ‚ζ‚κ ‚Ξ <UNK> λ‚Α ‚Δ ‚Ά‚ι ‚ΰ‚Μ ‚Ν ‚Η‚κ ‚© <UNK> <EOS>,–h‰Ξ ’nζ –”‚Ν € –h‰Ξ ’nζ ‚ΙΦ‚·‚ι  ‚Μ ‹Lq ‚Μ ‚¤‚Ώ <UNK> ’z ξ€ –@ ‚Μ ‹K’θ ‚Ι ‚ζ‚κ ‚Ξ <UNK> λ‚Α ‚Δ ‚Ά‚ι ‚ΰ‚Μ ‚Ν ‚Η‚κ ‚© <UNK> <EOS>
<BOS> “S <NUM> K ‚Δ <UNK> eK ‚Μ ° –ΚΟ <NUM> ‡u ‚Μ Z‘ξ ‚Μ A K •”• ‚π ‘qΙ ‚Ι —p“r •ΟX ‚·‚ι κ‡ <UNK> ’z m”F ‚π σ‚―‚ι •K—v ‚Ν ‚Θ‚Ά <UNK> <EOS>,’z ξ€ –@ <UNK> Θ‰Ί ‚±‚ΜΤ ‚Ι‚¨‚Ά‚Δ <UNK> –@ <UNK> ‚Ζ ‚Ά‚¤ <UNK> <UNK> ‚ΙΦ‚·‚ι  ‚Μ ‹Lq ‚Μ ‚¤‚Ώ <UNK> ³‚µ‚Ά ‚ΰ‚Μ ‚Ν ‚Η‚κ ‚© <UNK> <EOS>,’z ξ€ –@ <UNK> Θ‰Ί ‚±‚ΜΤ ‚Ι‚¨‚Ά‚Δ <UNK> –@ <UNK> ‚Ζ ‚Ά‚¤ <UNK> <UNK> ‚ΙΦ‚·‚ι  ‚Μ ‹Lq ‚Μ ‚¤‚Ώ <UNK> λ‚Α ‚Δ ‚Ά‚ι ‚ΰ‚Μ ‚Ν ‚Η‚κ ‚© <UNK> <EOS>
<BOS> “Α’θ —p“r §ΐ ’nζ ‚ΙΦ‚·‚ι “ss v‰ζ ‚Ι‚Β‚Ά‚Δ ‚Ν <UNK> §ΐ ‚· ‚Χ‚« “Α’θ ‚Μ ’z •¨ “™ ‚Μ —p“r ‚Μ T—v ‚π “ss v‰ζ ‚Ι ’θ‚ί ‚Θ‚―‚κ ‚Ξ ‚Θ‚η ‚Θ‚Ά <UNK> <EOS>,“ss v‰ζ –@ ‚ΙΦ‚·‚ι  ‚Μ ‹Lq ‚Μ ‚¤‚Ώ <UNK> λ‚Α ‚Δ ‚Ά‚ι ‚ΰ‚Μ ‚Ν ‚Η‚κ ‚© <UNK> <EOS>,“ss v‰ζ –@ ‚ΙΦ‚·‚ι  ‚Μ ‹Lq ‚Μ ‚¤‚Ώ <UNK> ³‚µ‚Ά ‚ΰ‚Μ ‚Ν ‚Η‚κ ‚© <UNK> <EOS>
<BOS> ”_’n –@ ‘ζ <NUM> π ‘ζ <NUM> € ‚Μ ‹–‰Β ‚π σ‚― ‚Δ ”_’n ‚Μ ”„”ƒ _–ρ ‚π ’χ‹ ‚µ ‚½ κ‡ <UNK> –γ “Νo ‚π ‚·‚ι •K—v ‚Ν ‚Θ‚Ά <UNK> <EOS>,‘“y ——p v‰ζ –@ ‘ζ <NUM> π ‚Μ ‹K’θ ‚Ι‚ζ‚ι “y’n ‚ΙΦ‚·‚ι  — ‚Μ Ϊ“] “™ ‚Μ “Νo <UNK> Θ‰Ί ‚±‚Μ Τ ‚Ι‚¨‚Ά‚Δ <UNK> –γ “Νo <UNK> ‚Ζ ‚Ά‚¤ <UNK> <UNK> ‚ΙΦ‚·‚ι  ‚Μ ‹Lq ‚Μ ‚¤‚Ώ <UNK> ³‚µ‚Ά ‚ΰ‚Μ ‚Ν ‚Η‚κ ‚© <UNK> <EOS>,”_’n –@ <UNK> Θ‰Ί ‚±‚ΜΤ ‚Ι‚¨‚Ά‚Δ <UNK> –@ <UNK> ‚Ζ ‚Ά‚¤ <UNK> <UNK> ‚ΙΦ‚·‚ι  ‚Μ ‹Lq ‚Μ ‚¤‚Ώ <UNK> λ‚Α ‚Δ ‚Ά‚ι ‚ΰ‚Μ ‚Ν ‚Η‚κ ‚© <UNK> <EOS>
<BOS> ’θϊ •¨ ’ΐ‘έΨ _–ρ ‚Μ ‘¶‘± ϊΤ ‚Ν <UNK> <NUM> ”N –Ά– ‚Ζ ‚·‚ι ‚±‚Ζ ‚ΰ <UNK> <NUM> ”N ‚π ’΄‚¦‚ι ‚±‚Ζ ‚ΰ ‚Ε‚« ‚Θ‚Ά <UNK> <EOS>,Ψ’n Ψ‰Ζ –@ ‘ζ <NUM> π ‚Μ ’θϊ •¨ ’ΐ‘έΨ <UNK> Θ‰Ί ‚±‚ΜΤ ‚Ι‚¨‚Ά‚Δ <UNK> ’θϊ •¨ ’ΐ‘έΨ <UNK> ‚Ζ ‚Ά‚¤ <UNK> <UNK> ‚ΙΦ‚·‚ι  ‚Μ ‹Lq ‚Μ ‚¤‚Ώ <UNK> Ψ’n Ψ‰Ζ –@ ‚Μ ‹K’θ ‹y‚Ρ ”»—α ‚Ι ‚ζ‚κ ‚Ξ <UNK> ³‚µ‚Ά ‚ΰ‚Μ ‚Ν ‚Η‚κ ‚© <UNK> <EOS>,Ψ’n Ψ‰Ζ –@ ‘ζ <NUM> π ‚Μ ’θϊ •¨ ’ΐ‘έΨ <UNK> Θ‰Ί ‚±‚ΜΤ ‚Ι‚¨‚Ά‚Δ <UNK> ’θϊ •¨ ’ΐ‘έΨ <UNK> ‚Ζ ‚Ά‚¤ <UNK> <UNK> ‚ΙΦ‚·‚ι  ‚Μ ‹Lq ‚Μ ‚¤‚Ώ <UNK> Ψ’n Ψ‰Ζ –@ ‚Μ ‹K’θ ‚Ι ‚ζ‚κ ‚Ξ <UNK> ³‚µ‚Ά ‚ΰ‚Μ ‚Ν ‚Η‚κ ‚© <UNK> <EOS>
<BOS> •s“― ’Ύ‰Ί ‚π Έ­ ‚³ ‚Ή‚ι ‚Ι ‚Ν <UNK> ’n’† ‚Ξ‚θ ‚Μ „« ‚Ν ¬‚³‚Ά ‚Ω‚¤ ‚ ‚ζ‚Ά <UNK> <EOS>,’z •¨ ‚Μ \‘Ά ‚ΙΦ‚·‚ι  ‚Μ ‹Lq ‚Μ ‚¤‚Ώ <UNK> Ε‚ΰ •s “K“– ‚Θ ‚ΰ‚Μ ‚Ν ‚Η‚κ ‚© <UNK> <EOS>,’z •¨ ‚ΙΦ‚·‚ι  ‚Μ ‹Lq ‚Μ ‚¤‚Ώ <UNK> λ‚Α ‚Δ ‚Ά‚ι ‚ΰ‚Μ ‚Ν ‚Η‚κ ‚© <UNK> <EOS>
<BOS> <NUM> <UNK> <NUM> <UNK> <NUM> ‰~ <EOS>,‘ξ’n •¨ ζψ ‹Ζ A <UNK> Α”ο Ε ‰ΫΕ –‹Ζ  <UNK> ‚ ”„ε A <UNK> Α”ο Ε ‰ΫΕ –‹Ζ  <UNK> ‚©‚η A —L ‚Μ “y’n •t •¨ ‚Μ ‘γ— ‚Μ Λ— ‚π σ‚― <UNK> ”ƒε A ‚Ζ ‚Μ Τ ‚Ε ”„”ƒ _–ρ ‚π ¬—§ ‚³ ‚Ή ‚½ κ‡ <UNK> A ‚ A ‚©‚η σ—Μ ‚Ε‚«‚ι •ρV ‚Μ γΐ z ‚Ν <UNK>  ‚Μ ‚¤‚Ώ ‚Η‚κ ‚© <UNK> ‚Θ‚¨ <UNK> “y’n •t •¨ ‚Μ ‘γ‹ΰ ‚Ν <NUM> <UNK> <NUM> <NUM> ‰~ <UNK> ‚¤‚Ώ <UNK> “y’n ‘γ‹ΰ ‚Ν <NUM> <UNK> <NUM> <NUM> <NUM> ‰~ <UNK> ‚Ε <UNK> Α”ο Εz ‹y‚Ρ ’n•ϋ Α”ο Εz ‚π ά‚ή ‚ΰ‚Μ ‚Ζ ‚·‚ι <UNK> <EOS>,‘ξ’n •¨ ζψ ‹Ζ A <UNK> Α”ο Ε ‰ΫΕ –‹Ζ  <UNK> ‚ ”„ε A <UNK> Α”ο Ε ‰ΫΕ –‹Ζ  <UNK> ‚©‚η A —L ‚Μ “y’n •t •¨ ‚Μ ”}‰ξ Λ— ‚π σ‚― <UNK> ”ƒε A ‚Ζ ‚Μ –β ‚Ε ”„”ƒ _–ρ ‚π ¬—§ ‚³ ‚Ή ‚½ κ‡ <UNK> A ‚ A ‚©‚η σ—Μ ‚Ε‚«‚ι •ρV ‚Μ ΐ“x z <UNK> Α”ο Εz ‹y‚Ρ ’n•ϋ Α”ο Εz ‚π ά‚ή <UNK> <UNK> ‚Ν <UNK>  ‚Μ ‚¤‚Ώ ‚Η‚κ ‚© <UNK> ‚Θ‚¨ <UNK> “y’n •t •¨ ‚Μ ‘γ‹ΰ ‚Ν <NUM> <UNK> <NUM> <NUM> ‰~ <UNK> Α”ο Εz ‹y‚Ρ ’n•ϋ Α”ο Εz ‚π ‡Z ‚µ ‚½ z <NUM> <NUM> ‰~ ‚π ά‚ή <UNK> <UNK> ‚Ζ ‚·‚ι <UNK> <EOS>
<BOS> ‘ξ’n ‘Ά¬ H– ‹K§ ‹ζζ “ΰ ‚Ι‚¨‚Ά‚Δ X—Ρ ‚π ‘ξ’n ‚Ι ‚·‚ι ‚½‚ί ‚Ι s‚¤ Ψ “y ‚Ε ‚ ‚Α ‚Δ ‚ ‚³ <NUM> ‚ ‚Μ ‚‚― ‚π ¶‚Έ‚ι ‚±‚Ζ ‚Ζ ‚Θ‚ι ‚ΰ‚Μ ‚ΙΦ‚·‚ι H– ‚π s‚¤ κ‡ ‚Ι ‚Ν ‘Ά¬ ε ‚Ν “ss v‰ζ –@ ‘ζ <NUM> π ‘ζ <NUM> € –”‚Ν ‘ζ <NUM> € ‚Μ ‹–‰Β ‚π σ‚― ‚Δ s‚ν ‚κ‚ι “–Y ‹–‰Β ‚Μ “ΰ—e ‚Ι “K‡ ‚µ ‚½ H– ‚π ‚« H– ‚Ι ’…θ ‚·‚ι ‘O ‚Ι “s“Ή•{§ ’m– ‚Μ ‹–‰Β ‚π σ‚― ‚Θ‚―‚κ ‚Ξ ‚Θ‚η ‚Θ‚Ά <EOS>,‘ξ’n ‘Ά¬ “™ ‹K§ –@ ‚ΙΦ‚·‚ι  ‚Μ ‹Lq ‚Μ ‚¤‚Ώ λ‚Α ‚Δ ‚Ά‚ι ‚ΰ‚Μ ‚Ν ‚Η‚κ ‚© ‚Θ‚¨ ‚±‚Μ –β ‚Ι‚¨‚―‚ι “s“Ή•{§ ’m– ‚Ζ ‚Ν ’n•ϋ ©΅ –@ ‚Ι ξ‚Γ‚­ w’θ “ss ’†j s “Α—α s ‚Ι ‚ ‚Α ‚Δ ‚Ν ‚»‚Μ ’· ‚π ‚Ά‚¤ ‚ΰ‚Μ ‚Ζ ‚·‚ι <EOS>,‘ξ’n ‘Ά¬ “™ ‹K§ –@ ‚ΙΦ‚·‚ι  ‚Μ ‹Lq ‚Μ ‚¤‚Ώ λ‚Α ‚Δ ‚Ά‚ι ‚ΰ‚Μ ‚Ν ‚Η‚κ ‚© ‚Θ‚¨ ‚±‚Μ –β ‚Ι‚¨‚―‚ι “s“Ή•{§ ’m– ‚Ζ ‚Ν ’n•ϋ ©΅ –@ ‚Ι ξ‚Γ‚­ w’θ “ss ’†j s ‹y‚Ρ “Α—α s ‚Ι ‚ ‚Α ‚Δ ‚Ν ‚»‚Μ ’· ‚π ‚Ά‚¤ ‚ΰ‚Μ ‚Ζ ‚·‚ι <EOS>
<BOS> ‘g‡ ‚π έ—§ ‚µ‚ζ ‚¤ ‚Ζ ‚·‚ι  ‚Ν <UNK> –‹Ζ v‰ζ ‚Μ ’θ ‚Ι ζ—§‚Β ‚Δ ‘g‡ ‚π έ—§ ‚·‚ι •K—v ‚ ‚ ‚ι ‚Ζ ”F‚ί‚ι κ‡ ‚π ‚« <UNK> <NUM> l Θγ ‹¤“― ‚µ ‚Δ <UNK> ’θΌ ‹y‚Ρ –‹Ζ v‰ζ ‚π ’θ‚ί <UNK> ‚»‚Μ έ—§ ‚Ι‚Β‚Ά‚Δ <UNK> “s“Ή•{§ ’m– <UNK> w’θ “ss ‚Ι‚¨‚Ά‚Δ ‚Ν w’θ “ss ‚Μ s’· <UNK> ’†j s ‚Ι‚¨‚Ά‚Δ ‚Ν ’†j s ‚Μ s’· <UNK> “Α—α s ‚Ι‚¨‚Ά‚Δ ‚Ν “Α—α s ‚Μ s’· <UNK> ‚Μ ”F‰Β ‚π σ‚― ‚Θ‚―‚κ ‚Ξ ‚Θ‚η ‚Θ‚Ά <UNK> <EOS>,“y’n ‹ζ‰ζ ®— –@ ‚Μ “y’n ‹ζ‰ζ ®— ‘g‡ <UNK> Θ‰Ί ‚±‚ΜΤ ‚Ι‚¨‚Ά‚Δ <UNK> ‘g‡ <UNK> ‚Ζ ‚Ά‚¤ <UNK> <UNK> ‚ΙΦ‚·‚ι  ‚Μ ‹Lq ‚Μ ‚¤‚Ώ <UNK> λ‚Α ‚Δ ‚Ά‚ι ‚ΰ‚Μ ‚Ν ‚Η‚κ ‚© <UNK> <EOS>,“y’n ‹ζ‰ζ ®— –@ <UNK> Θ‰Ί ‚±‚ΜΤ ‚Ι‚¨‚Ά‚Δ <UNK> –@ <UNK> ‚Ζ ‚Ά‚¤ <UNK> <UNK> ‚ΙΦ‚·‚ι  ‚Μ ‹Lq ‚Μ ‚¤‚Ώ <UNK> λ‚Α ‚Δ ‚Ά‚ι ‚ΰ‚Μ ‚Ν ‚Η‚κ ‚© <UNK> <EOS>
<BOS> ’ §’m– ‚©‚η ‘ξ  ζψ m Ψ ‚Μ π•t ‚π σ‚― ‚Δ ‚Ά‚ι ‘ξ  ζψ m ‚ ‘ξ  ζψ m Ψ ‚Μ –SΈ ‚Ι‚ζ‚θ ‚»‚Μ Δ π•t ‚π σ‚― ‚½ γ ‚Ι‚¨‚Ά‚Δ –SΈ ‚µ ‚½ ‘ξ  ζψ m Ψ ‚π ”­© ‚µ ‚½ ‚Ζ‚« ‚Ν ‘¬‚β‚© ‚Ι Δ π•t ‚³ ‚κ ‚½ ‘ξ  ζψ m Ψ ‚π ‚»‚Μ π•t ‚π σ‚― ‚½ ’ §’m– ‚Ι •Τ”[ ‚µ ‚Θ‚―‚κ ‚Ξ ‚Θ‚η ‚Θ‚Ά <EOS>,‘ξ’n •¨ ζψ m ‘i “o^ Θ‰Ί ‚±‚Μ –β ‚Ι‚¨‚Ά‚Δ “o^ ‚Ζ‚Ά‚¤ ‹y‚Ρ ‘ξ’n •¨ ζψ m Ψ Θ‰Ί ‚±‚Μ –β ‚Ι‚¨‚Ά‚Δ ‘ξ  ζψ m Ψ ‚Ζ‚Ά‚¤ ‚ΙΦ‚·‚ι  ‚Μ ‹Lq ‚Μ ‚¤‚Ώ ‘ξ’n •¨ ζψ ‹Ζ–@ ‚Μ ‹K’θ ‚Ι ‚ζ‚κ ‚Ξ ³‚µ‚Ά ‚ΰ‚Μ ‚Ν ‚Η‚κ ‚© <EOS>,‘ξ’n •¨ ζψ m ‚Μ “o^ Θ‰Ί ‚±‚Μ –β ‚Ι‚¨‚Ά‚Δ “o^ ‚Ζ‚Ά‚¤ ‹y‚Ρ ‘ξ’n •¨ ζψ m Ψ Θ‰Ί ‚±‚Μ –β ‚Ι‚¨‚Ά‚Δ ‘ξ  ζψ m Ψ ‚Ζ‚Ά‚¤ ‚ΙΦ‚·‚ι  ‚Μ ‹Lq ‚Μ ‚¤‚Ώ ‘ξ’n •¨ ζψ ‹Ζ–@ ‚Μ ‹K’θ ‚Ι α”½ ‚µ ‚Θ‚Ά ‚ΰ‚Μ ‚Ν ‚Η‚κ ‚© <EOS>
<BOS> A ‚ <UNK> ƒzƒeƒ‹ ‚Μ ƒƒr[ ‚Ε ”„”ƒ _–ρ ‚π ’χ‹ ‚·‚ι Ϋ ‚Ι <UNK> A ‚©‚η ”„”ƒ _–ρ ‚Μ ‰π ‚ ‚Ε‚«‚ι | ‹y‚Ρ ‚»‚Μ •ϋ–@ ‚Ι‚Β‚Ά‚Δ ϋ“ ‚Μ‚έ ‚Ε ’m ‚³ ‚κ ‚½ κ‡ <UNK> ‚»‚Μ ’m ‚³ ‚κ ‚½ “ϊ ‚©‚η ‹NZ ‚µ ‚Δ <NUM> “ϊ γ ‚Ε <UNK> ’†Τ ‹ΰ ‚π x•¥‚Α ‚½ γ ‚Ε <UNK> ‚ ‚Α ‚Δ ‚ΰ <UNK> A ‚Ν <UNK> “–Y ”„”ƒ _–ρ ‚π ‰π ‚·‚ι ‚±‚Ζ ‚ ‚Ε‚«‚ι <UNK> <EOS>,‘ξ’n •¨ ζψ ‹Ζ A ‚ <UNK> ©‚η ”„ε ‚Ζ ‚µ ‚Δ <UNK> ‘ξ’n •¨ ζψ ‹Ζ ‚Ε ‚Θ‚Ά A ‚Ζ ‘ξ’n ‚Μ ”„”ƒ _–ρ ‚π ’χ‹ ‚µ ‚½ κ‡ ‚Ι‚¨‚―‚ι <UNK> ‘ξ’n •¨ ζψ ‹Ζ–@ ‘ζ <NUM> π ‚Μ <NUM> ‚Μ ‹K’θ ‚Ι‚ζ‚ι ”„”ƒ _–ρ ‚Μ ‰π ‚ΙΦ‚·‚ι  ‚Μ ‹Lq ‚Μ ‚¤‚Ώ <UNK> λ‚Α ‚Δ ‚Ά‚ι ‚ΰ‚Μ ‚Ν ‚Ά‚­‚Β ‚ ‚ι ‚© <UNK> <EOS>,‘ξ’n •¨ ζψ ‹Ζ A ‚ ©‚η ”„ε ‚Ζ ‚µ ‚Δ ‘ξ’n •¨ ζψ ‹Ζ ‚Ε ‚Θ‚Ά A ‚Ζ •¨ ‚Μ ”„”ƒ _–ρ ‚π ’χ‹ ‚µ ‚½ κ‡ ‚Ι‚¨‚―‚ι <UNK> ‘ξ’n •¨ ζψ ‹Ζ–@ ‘ζ <NUM> π ‚Μ <NUM> ‚Μ ‹K’θ ‚Ι‚ζ‚ι ”„”ƒ _–ρ ‚Μ ‰π ‚ΙΦ‚·‚ι  ‚Μ ‹Lq ‚Μ ‚¤‚Ώ <UNK> ³‚µ‚Ά ‚ΰ‚Μ ‚Ν ‚Η‚κ ‚© <UNK> <EOS>
<BOS> χ“n ‘Y ‚Ζ ‚³ ‚κ‚ι ‰Ζ‰® ‚Ι‚Β‚Ά‚Δ ‚Ν <UNK> ‚»‚Μ χ“n ‚π ‚µ ‚½ “ϊ ‚Μ ‘®‚·‚ι ”N ‚Μ <NUM>  <NUM> “ϊ ‚Ι‚¨‚―‚ι —L ϊΤ ‚ <NUM> ”N ‚π ’΄‚¦‚ι ‚ΰ‚Μ ‚Μ ‚¤‚Ώ Ν“ΰ ‚Ι ‚ ‚ι ‚ΰ‚Μ ‚Ε ‚ ‚ι ‚±‚Ζ ‹y‚Ρ ‚»‚Μ ‹Z ‚Μ —p ‚Ι ‹ ‚µ ‚Δ ‚Ά ‚½ ϊΤ ‚ <NUM> ”N Θγ ‚Ε ‚ ‚ι ‚±‚Ζ ‚ <UNK> “K—p —v ‚Ζ ‚³ ‚κ ‚Δ ‚Ά‚ι <UNK> <EOS>,‘dΕ “Α•Κ ‘[’u –@ ‘ζ <NUM> π ‚Μ <NUM> ‚Μ “Α’θ ‚Μ ‹Z —p ΰY ‚Μ ”ƒ ·‚¦ ‚Μ κ‡ ‚Μ ’·ϊ χ“n “Ύ ‚Μ ‰ΫΕ ‚Μ “Α—α ‚ΙΦ‚·‚ι  ‚Μ ‹Lq ‚Μ ‚¤‚Ώ <UNK> ³‚µ‚Ά ‚ΰ‚Μ ‚Ν ‚Η‚κ ‚© <UNK> <EOS>,‘dΕ “Α•Κ ‘[’u –@ ‘ζ <NUM> π ‚Μ <NUM> ‚Μ “Α’θ ‚Μ ‹Z —p ΰY ‚Μ ”ƒ ·‚¦ ‚Μ κ‡ ‚Μ ’·ϊ χ“n “Ύ ‚Μ ‰ΫΕ ‚Μ “Α—α ‚ΙΦ‚·‚ι  ‚Μ ‹Lq ‚Μ ‚¤‚Ώ <UNK> λ‚Α ‚Δ ‚Ά‚ι ‚ΰ‚Μ ‚Ν ‚Η‚κ ‚© <UNK> <EOS>
<BOS> A —L ‚Μ •s“®Y ‚ A ‚©‚η A <UNK> A ‚©‚η A ‚Ι ”„‹p ‚³ ‚κ ‚½ ‚ <UNK> A ‚Μ A ‚Ι‘Ξ‚·‚ι ”„‹p ‚Μ Σv •\¦ ‚ A ‚Μ Ό‹\ ‚Ι‚ζ‚Α‚Δ s‚ν ‚κ ‚½ κ‡ <UNK> A ‚ ‘PΣ ‚Ε ‚ ‚Α ‚Δ ‚ΰ <UNK> A ‚Ν <UNK> A Τ ‚Μ ”„”ƒ _–ρ ‚π ζ‚θΑ‚µ ‚Δ <UNK> A ‚Ι‘Ξ‚µ —L   ‚π ε’£ ‚·‚ι ‚±‚Ζ ‚ ‚Ε‚«‚ι <UNK> <EOS>,Σv •\¦ ‚ΙΦ‚·‚ι  ‚Μ ‹Lq ‚Μ ‚¤‚Ώ <UNK> –―–@ ‚Μ ‹K’θ ‹y‚Ρ ”»—α ‚Ι ‚ζ‚κ ‚Ξ <UNK> ³‚µ‚Ά ‚ΰ‚Μ ‚Ν ‚Η‚κ ‚© <UNK> <EOS>,Σv •\¦ ‚ΙΦ‚·‚ι  ‚Μ ‹Lq ‚Μ ‚¤‚Ώ <UNK> –―–@ ‚Μ ‹K’θ ‹y‚Ρ ”»—α ‚Ι ‚ζ‚κ ‚Ξ <UNK> ³‚µ‚Ά ‚ΰ‚Μ ‚Ν ‚Η‚κ ‚© <UNK> <EOS>
<BOS> –³   ‘γ—l ‚π –{l ‚Ζ‹¤‚Ι ‘‘± ‚µ ‚½  ‚ <UNK> ‚»‚Μγ <UNK> ‚³‚η‚Ι –{l ‚π ‘‘± ‚µ ‚½ κ‡ <UNK> “–Y ‘‘± l ‚Ν –{l ‚Μ ‘i ‚Ε –³   ‘γ— sΧ ‚Μ ’Η”F ‚π ‹‘β ‚·‚ι —]’n ‚Ν ‚Θ‚­ <UNK> –{l ‚ ©‚η –@—¥ sΧ ‚π ‚µ ‚½ ‚Μ ‚Ζ “―—l ‚Θ –@—¥ γ ‚Μ ’nΚ ‚π ¶‚¶‚ι <UNK> <EOS>,‘γ— ‚ΙΦ‚·‚ι  ‚Μ ‹Lq ‚Μ ‚¤‚Ώ <UNK> –―–@ ‚Μ ‹K’θ ‹y‚Ρ ”»—α ‚Ι ‚ζ‚κ ‚Ξ <UNK> λ‚Α ‚Δ ‚Ά‚ι ‚ΰ‚Μ ‚Ν ‚Η‚κ ‚© <UNK> <EOS>,‘γ— ‚ΙΦ‚·‚ι  ‚Μ ‹Lq ‚Μ ‚¤‚Ώ <UNK> –―–@ ‚Μ ‹K’θ ‹y‚Ρ ”»—α ‚Ι ‚ζ‚κ ‚Ξ <UNK> λ‚Α ‚Δ ‚Ά‚ι ‚ΰ‚Μ ‚Ν ‚Η‚κ ‚© <UNK> <EOS>
<BOS> A ‚ b “y’n ‹y‚Ρ ‰³ •¨ ‚Μ ‘o•ϋ ‚Ι‚Β‚« A ‚Μ ‚½‚ί ‚Ι ’ο“–   ‚π έ’θ ‚µ ‚Δ ‚»‚Μ | ‚Μ “o‹L ‚π ‚µ ‚½ γ b “y’n ‚Ι‚Β‚Ά‚Δ ‚Ν A ‚Μ γ ‡Κ A ‚Μ ’ο“–   ‚ ΐs ‚³ ‚κ‚ι ‚Ζ‚« ‰³ •¨ ‚Μ ‚½‚ί ‚Ι –@’θ ’nγ   ‚ ¬—§ ‚·‚ι <EOS>,A ‚Ν A ‚Ι‘Ξ‚·‚ι ‘έ•t ‹ΰ Β  ‚Μ ’S•Ϋ ‚Μ ‚½‚ί ‚Ι “–Y ‘έ•t ‹ΰ Β  z ‚Ι ‚Ω‚Ϊ ©‡‚¤ •]‰Ώ z ‚π —L‚·‚ι A —L ‚Μ X’n ‚Ε ‚ ‚ι b “y’n ‚Ι ’ο“–   ‚π έ’θ ‚µ ‚»‚Μ | ‚Μ “o‹L ‚π ‚µ ‚½ ‚»‚Μγ A ‚Ν ‚±‚Μ “y’n γ ‚Ι ‰³ •¨ ‚π ’z‘Ά ‚µ ©Θ —L ‚Ζ ‚µ ‚½ ‚±‚Μ κ‡ –―–@ ‚Μ ‹K’θ ‹y‚Ρ ”»—α ‚Ι ‚ζ‚κ ‚Ξ  ‚Μ ‹Lq ‚Μ ‚¤‚Ώ ³‚µ‚Ά ‚ΰ‚Μ ‚Ν ‚Η‚κ ‚© <EOS>,A ‚Ν A ‚Ι‘Ξ‚·‚ι ‘έ•t ‹ΰ Β  ‚Μ ’S•Ϋ ‚Μ ‚½‚ί ‚Ι “–Y ‘έ•t ‹ΰ Β  z ‚Ι ‚Ω‚Ϊ ©‡‚¤ •]‰Ώ z ‚π —L‚·‚ι A —L ‚Μ X’n ‚Ε ‚ ‚ι b “y’n ‚Ι ’ο“–   ‚π έ’θ ‚µ ‚»‚Μ | ‚Μ “o‹L ‚π ‚µ ‚½ ‚»‚Μγ A ‚Ν ‚±‚Μ “y’n γ ‚Ι ‰³ •¨ ‚π ’z‘Ά ‚µ ©Θ —L ‚Ζ ‚µ ‚½ ‚±‚Μ κ‡ –―–@ ‚Μ ‹K’θ ‹y‚Ρ ”»—α ‚Ι ‚ζ‚κ ‚Ξ  ‚Μ ‹Lq ‚Μ ‚¤‚Ώ ³‚µ‚Ά ‚ΰ‚Μ ‚Ν ‚Η‚κ ‚© <EOS>
<BOS> “s“Ή•{§ ‚ <UNK> ”_‹Ζ —p —p ”r… {έ ‚»‚Μ‘Ό ‚Μ ’nζ U‹» γ –”‚Ν ”_‹Ζ U‹» γ ‚Μ •K—v « ‚ ‚‚Ά ‚Ζ ”F‚ί ‚η‚κ‚ι {έ ‚Μ —p ‚Ι ‹‚·‚ι ‚½‚ί <UNK> ”_’n ‚Μ —L   ‚π ζ“Ύ ‚·‚ι κ‡ <UNK> ”_’n –@ ‘ζ <NUM> π ‘ζ <NUM> € ‚Μ ‹–‰Β ‚π σ‚― ‚Θ‚―‚κ ‚Ξ ‚Θ‚η ‚Θ‚Ά <UNK> <EOS>,”_’n –@ ‚ΙΦ‚·‚ι  ‚Μ ‹Lq ‚Μ ‚¤‚Ώ <UNK> ³‚µ‚Ά ‚ΰ‚Μ ‚Ν ‚Η‚κ ‚© <UNK> <EOS>,”_’n –@ ‚ΙΦ‚·‚ι  ‚Μ ‹Lq ‚Μ ‚¤‚Ώ <UNK> ³‚µ‚Ά ‚ΰ‚Μ ‚Ν ‚Η‚κ ‚© <UNK> <EOS>
<BOS> ‘ξ’n •¨ ζψ ‹Ζ ‚Ν ©‚η ”„ε ‚Ζ‚µ‚Δ ‘ξ’n •¨ ζψ ‹Ζ ‚Ε ‚Θ‚Ά –@l ‚Ζ ‚Μ Τ ‚Ε •¨ ‚Μ ”„”ƒ _–ρ ‚π ’χ‹ ‚µ ‚½ κ‡ “–Y –@l ‚Ι‚¨‚Ά‚Δ “–Y _–ρ ‚Μ ”C ‚Ι “–‚½‚Α ‚Δ ‚Ά‚ι  ‚Μ –Ό ‚π <NUM> π ‘–Κ ‚Ι ‹LΪ ‚µ ‚Θ‚―‚κ ‚Ξ ‚Θ‚η ‚Θ‚Ά <EOS>,‘ξ’n •¨ ζψ ‹Ζ–@ Θ‰Ί ‚±‚Μ –β ‚Ι‚¨‚Ά‚Δ –@ ‚Ζ‚Ά‚¤ ‘ζ <NUM> π ‚Μ ‹K’θ ‚Ι‚ζ‚θ π•t ‚· ‚Χ‚« ‘–Κ Θ‰Ί ‚±‚Μ –β ‚Ι‚¨‚Ά‚Δ <NUM> π ‘–Κ ‚Ζ‚Ά‚¤ ‚ΙΦ‚·‚ι  ‚Μ ‹Lq ‚Μ ‚¤‚Ώ –@ ‚Μ ‹K’θ ‚Ι ‚ζ‚κ ‚Ξ ³‚µ‚Ά ‚ΰ‚Μ ‚Ν ‚Η‚κ ‚© <EOS>,‘ξ’n •¨ ζψ ‹Ζ–@ Θ‰Ί ‚±‚Μ –β ‚Ι‚¨‚Ά‚Δ –@ ‚Ζ‚Ά‚¤ ‚Μ ‹K’θ ‚Ι ξ‚Γ‚­ ‘ξ  ζψ m ‚ΙΦ‚·‚ι  ‚Μ ‹Lq ‚Μ ‚¤‚Ώ λ‚Α ‚Δ ‚Ά‚ι ‚ΰ‚Μ ‚Ν ‚Η‚κ ‚© <EOS>
<BOS> “ΰt ‘— ‘εb ‚Ν <UNK> ‰Ϋ’¥ ‹ΰ ‘ΞΫ sΧ ‚π ‚µ ‚½ –‹Ζ  ‚Ι‘Ξ‚µ <UNK> ’θ ‚Μ •ϋ–@ ‚Ι‚ζ‚θ Z’θ ‚µ ‚½ ”„γ z ‚Ι <NUM> •‚Μ <NUM> ‚π ζ‚¶ ‚Δ “Ύ ‚½ z ‚Ι ‘“– ‚·‚ι z ‚Μ ‰Ϋ’¥ ‹ΰ ‚π ‘Ι ‚Ι ”[•t ‚·‚ι ‚±‚Ζ ‚π –½‚¶ ‚Θ‚―‚κ ‚Ξ ‚Θ‚η ‚Θ‚Ά <UNK> <EOS>,•s“– i•i —ή ‹y‚Ρ •s“– •\¦ –h~ –@ <UNK> Θ‰Ί ‚±‚ΜΤ ‚Ι‚¨‚Ά‚Δ <UNK> –@ <UNK> ‚Ζ ‚Ά‚¤ <UNK> <UNK> ‚ΙΦ‚·‚ι  ‚Μ ‹Lq ‚Μ ‚¤‚Ώ <UNK> ³‚µ‚Ά ‚ΰ‚Μ ‚Ν ‚Η‚κ ‚© <UNK> <EOS>,“Ζ—§ s­ –@l Z‘ξ ‹ΰ—Z x‰‡ ‹@\ <UNK> Θ‰Ί ‚±‚ΜΤ ‚Ι‚¨‚Ά‚Δ <UNK> ‹@\ <UNK> ‚Ζ ‚Ά‚¤ <UNK> <UNK> ‚Μ ‹Ζ–± ‚ΙΦ‚·‚ι  ‚Μ ‹Lq ‚Μ ‚¤‚Ώ <UNK> λ‚Α ‚Δ ‚Ά‚ι ‚ΰ‚Μ ‚Ν ‚Η‚κ ‚© <UNK> <EOS>
<BOS> A –β ‚Μ ”„”ƒ _–ρ ‚Ι‚¨‚Ά‚Δ <UNK> θ•t ‹ΰ ‚π Ψ –ρ θ•t ‚Μ «Ώ ‚π —L‚·‚ι ‚ΰ‚Μ ‚Ζ ‚µ ‚½ κ‡ ‚Ε ‚ ‚Α ‚Δ ‚ΰ <UNK> A ‚ —s ‚Ι ’…θ ‚µ ‚Δ ‚Ά ‚Θ‚―‚κ ‚Ξ <UNK> A ‚Ν <UNK> θ•t ‹ΰ ‚π •ϊό ‚µ ‚Δ _–ρ ‚Μ ‰π ‚π ‚·‚ι ‚±‚Ζ ‚ ‚Ε‚«‚ι <UNK> <EOS>,‘ξ’n •¨ ζψ ‹Ζ A ‚ <UNK> ©‚η ”„ε ‚Ζ ‚µ ‚Δ <UNK> ‘ξ’n •¨ ζψ ‹Ζ ‚Ε ‚Θ‚Ά A ‚Ζ ’†Γ •¨ ‚Μ ”„”ƒ _–ρ <UNK> ‘γ‹ΰ <NUM> <UNK> <NUM> <NUM> ‰~ <UNK> ‚π ’χ‹ ‚µ ‚½ κ‡ ‚ΙΦ‚·‚ι  ‚Μ ‹Lq ‚Μ ‚¤‚Ώ <UNK> ³‚µ‚Ά ‚ΰ‚Μ ‚Ν ‚Η‚κ ‚© <UNK> <EOS>,‘ξ’n •¨ ζψ ‹Ζ A ‚ <UNK> ©‚η ”„ε ‚Ζ ‚µ ‚Δ <UNK> ‘ξ’n •¨ ζψ ‹Ζ ‚Ε ‚Θ‚Ά A ‚Ζ <UNK> •¨ ‚Μ ”„”ƒ _–ρ ‚π ’χ‹ ‚µ ‚½ κ‡ ‚Ι‚¨‚―‚ι <UNK> ‘ξ’n •¨ ζψ ‹Ζ–@ ‘ζ <NUM> π ‚Μ <NUM> ‚Μ ‹K’θ ‚Ι‚ζ‚ι ”„”ƒ _–ρ ‚Μ ‰π ‚ΙΦ‚·‚ι  ‚Μ ‹Lq ‚Μ ‚¤‚Ώ <UNK> λ‚Α ‚Δ ‚Ά‚ι ‚ΰ‚Μ ‚Ν ‚Η‚κ ‚© <UNK> <EOS>
<BOS> ΐΫ ‚Ι ‚Ν ζψ ‚·‚ι Σv ‚ ‚Θ‚Ά •¨ ‚Ι‚Β‚Ά‚Δ <UNK> V•· ά‚έ ƒ`ƒ‰ƒV ‚Ι‚¨‚Ά‚Δ ζψ ‚Ε‚«‚ι ‚Ζ •\¦ ‚µ ‚½ κ‡ <UNK> \• ‚Ι –ξ ‚π ΰ–Ύ ‚µ ‚½ γ ‚Ε Ϊ‹q ‚Ι ‘Ό ‚Μ •¨ ‚π ©‚ί ‚½ ‚Ζ ‚µ ‚Δ ‚ΰ <UNK> •s“– •\¦ ‚Ζ ‚Θ‚ι ‚¨ ‚»‚κ ‚ ‚ ‚ι <UNK> <EOS>,•s“– i•i —ή ‹y‚Ρ •s“– •\¦ –h~ –@ <UNK> •s“®Y ‚Μ •\¦ ‚ΙΦ‚·‚ι φ³ ‹£‘ ‹K–ρ ‚π ά‚ή <UNK> <UNK> ‚Μ ‹K’θ ‚Ι ‚ζ‚κ ‚Ξ <UNK>  ‚Μ ‹Lq ‚Μ ‚¤‚Ώ <UNK> ³‚µ‚Ά ‚ΰ‚Μ ‚Ν ‚Η‚κ ‚© <UNK> <EOS>,•s“– i•i —ή ‹y‚Ρ •s“– •\¦ –h~ –@ <UNK> •s“®Y ‚Μ •\¦ ‚ΙΦ‚·‚ι φ³ ‹£‘ ‹K–ρ ‚π ά‚ή <UNK> <UNK> ‚Μ ‹K’θ ‚Ι ‚ζ‚κ ‚Ξ <UNK>  ‚Μ ‹Lq ‚Μ ‚¤‚Ώ <UNK> λ‚Α ‚Δ ‚Ά‚ι ‚ΰ‚Μ ‚Ν ‚Η‚κ ‚© <UNK> <EOS>
<BOS> A ‚ A ‚Μ ‚½‚ί ‚Ι ‚·‚ι ‚±‚Ζ ‚π ¦‚³ ‚Θ‚Ά ‚Ε A ‚Ζ ”„”ƒ _–ρ ‚π ’χ‹ ‚µ ‚½ κ‡ ‚Ε‚ΰ <UNK> A ‚ A ‚Μ ‚½‚ί ‚Ι _–ρ ‚·‚ι ‚±‚Ζ ‚π A ‚ ’m‚Α ‚Δ ‚Ά ‚½ ‚Ζ‚« ‚Ν <UNK> ”„”ƒ _–ρ ‚Ν <UNK> A Τ ‚Ε ¬—§ ‚·‚ι <UNK> <EOS>,A ‚ <UNK> A ‚Μ Ο”C ‚Ι ξ‚Γ‚­ ‘γ—l ‚Ζ ‚µ ‚Δ <UNK> A ‚Μ —L ‚·‚ι ‘ξ’n ‚π A ‚Ι ”„‹p ‚µ ‚½ κ‡ ‚ΙΦ‚·‚ι  ‚Μ ‹Lq ‚Μ ‚¤‚Ώ <UNK> –―–@ ‚Μ ‹K’θ ‹y‚Ρ ”»—α ‚Ι ‚ζ‚κ ‚Ξ <UNK> λ‚Α ‚Δ ‚Ά‚ι ‚ΰ‚Μ ‚Ν ‚Η‚κ ‚© <UNK> <EOS>,A ‚ <UNK> A —L ‚Μ “y’n ‚π A ‚Ι ”„‹p ‚·‚ι _–ρ ‚π ’χ‹ ‚µ ‚½ κ‡ ‚ΙΦ‚·‚ι  ‚Μ ‹Lq ‚Μ ‚¤‚Ώ <UNK> –―–@ ‚Μ ‹K’θ ‹y‚Ρ ”»—α ‚Ι ‚ζ‚κ ‚Ξ <UNK> ³‚µ‚Ά ‚ΰ‚Μ ‚Ν ‚Η‚κ ‚© <UNK> <EOS>
<BOS> A Τ ‚Μ ’ΐ‘έΨ _–ρ ‚Μ ‘¶‘± ϊΤ ‚ <NUM> ”N ‚Ζ ’θ‚ί ‚η‚κ <UNK> “–Y _–ρ ‚ –@’θ XV ‚³ ‚κ ‚½ κ‡ <UNK> ‚»‚Μγ ‚Μ _–ρ ‚Ν ]‘O ‚Ζ “―κ π ‚Ζ ‚Θ‚θ <UNK> ]‘O ‚Ζ “―κ ‚Μ ϊΤ ‚Μ ’θ‚ί ‚Μ ‚ ‚ι ’ΐ‘έΨ _–ρ ‚Ζ ‚Θ‚ι <UNK> <EOS>,A ‚ A ‚©‚η A —L ‚Μ •¨ ‚π ’ΐΨ ‚µ ‚Δ ‚Ά‚ι κ‡ ‚ΙΦ‚·‚ι  ‚Μ ‹Lq ‚Μ ‚¤‚Ώ <UNK> –―–@ ‹y‚Ρ Ψ’n Ψ‰Ζ –@ ‚Μ ‹K’θ ‚Ι ‚ζ‚κ ‚Ξ <UNK> ³‚µ‚Ά ‚ΰ‚Μ ‚Ν ‚Η‚κ ‚© <UNK> <EOS>,A ‚ A ‚©‚η A —L ‚Μ •¨ ‚π ’ΐΨ ‚µ ‚Δ ‚Ά‚ι κ‡ ‚ΙΦ‚·‚ι  ‚Μ ‹Lq ‚Μ ‚¤‚Ώ <UNK> –―–@ ‹y‚Ρ Ψ’n Ψ‰Ζ –@ ‚Μ ‹K’θ ‚Ι ‚ζ‚κ ‚Ξ <UNK> ³‚µ‚Ά ‚ΰ‚Μ ‚Ν ‚Η‚κ ‚© <UNK> <EOS>
<BOS> •ΫΨ ‹¦‰ο ‚ ‚»‚Μ w’θ ‚π ζ‚θΑ‚³ ‚κ ‚½ κ‡ <UNK> “–Y •ΫΨ ‹¦‰ο ‚Μ Πυ ‚Ε ‚ ‚Α ‚½ ‘ξ’n •¨ ζψ ‹Ζ ‚Ν <UNK> ‚»‚Μ ζΑ‚µ ‚Μ φ¦ ‚Μ “ϊ ‚©‚η <NUM> TΤ Θ“ΰ ‚Ι ‰c‹Ζ •ΫΨ ‹ΰ ‚π ‹‘υ ‚µ ‚Θ‚―‚κ ‚Ξ ‚Θ‚η ‚Θ‚Ά <UNK> <EOS>,‘ξ’n •¨ ζψ ‹Ζ •ΫΨ ‹¦‰ο <UNK> Θ‰Ί ‚±‚ΜΤ ‚Ι‚¨‚Ά‚Δ <UNK> •ΫΨ ‹¦‰ο <UNK> ‚Ζ ‚Ά‚¤ <UNK> <UNK> ‚ΙΦ‚·‚ι ‚Ζ ‡ ‚Μ ‹Lq ‚Μ ‚¤‚Ώ <UNK> ³‚µ‚Ά ‚ΰ‚Μ ‚Ν ‚Η‚κ ‚© <UNK> <EOS>,‘ξ’n •¨ ζψ ‹Ζ •ΫΨ ‹¦‰ο <UNK> Θ‰Ί ‚±‚ΜΤ ‚Ι‚¨‚Ά‚Δ <UNK> •ΫΨ ‹¦‰ο <UNK> ‚Ζ ‚Ά‚¤ <UNK> <UNK> ‚ΙΦ‚·‚ι  ‚Μ ‹Lq ‚Μ ‚¤‚Ώ <UNK> ‘ξ’n •¨ ζψ ‹Ζ–@ ‚Μ ‹K’θ ‚Ι ‚ζ‚κ ‚Ξ <UNK> λ‚Α ‚Δ ‚Ά‚ι ‚ΰ‚Μ ‚Ν ‚Η‚κ ‚© <UNK> <EOS>
<BOS> “–Y ”„”ƒ _–ρ ‚ ”—Κ w¦ ”„”ƒ ‚Ε ‚ ‚θ <UNK> ΐΫ ‚Μ ”—Κ ‚ <UNK> _–ρ ‚Ε ¦‚³ ‚κ ‚½ ”—Κ ‚ζ‚θ ‚ΰ ­‚Θ‚©‚Α ‚½ κ‡ <UNK> A ‚Ν <UNK> «Σ ‚Ε ‚ ‚Α ‚Δ ‚ΰ <UNK> A ‚Ι‘Ξ‚µ ‚Δ ‘γ‹ΰ ‚Μ Έz ‚π Ώ‹ ‚·‚ι ‚±‚Ζ ‚ ‚Ε‚«‚ι <UNK> <EOS>,A ‚ A ‚Ι “y’n ‚π ”„‹p ‚·‚ι _–ρ ‚π ’χ‹ ‚µ ‚½ κ‡ ‚ΙΦ‚·‚ι  ‚Μ ‹Lq ‚Μ ‚¤‚Ώ <UNK> –―–@ ‚Μ ‹K’θ ‚Ι ‚ζ‚κ ‚Ξ <UNK> ³‚µ‚Ά ‚ΰ‚Μ ‚Ν ‚Η‚κ ‚© <UNK> <EOS>,A ‚ A ‚Ι “y’n ‚π ”„‹p ‚·‚ι _–ρ ‚π ’χ‹ ‚µ ‚½ κ‡ ‚ΙΦ‚·‚ι  ‚Μ ‹Lq ‚Μ ‚¤‚Ώ <UNK> –―–@ ‚Μ ‹K’θ ‹y‚Ρ ”»—α ‚Ι ‚ζ‚κ ‚Ξ <UNK> ³‚µ‚Ά ‚ΰ‚Μ ‚Ν ‚Η‚κ ‚© <UNK> <EOS>
<BOS> A ‚Ν •ΫΨ ‹¦‰ο ‚Μ Πυ ‚Μ ’nΚ ‚π Έ‚Α ‚½ ‚Ζ‚« ‚Ν “–Y ’nΚ ‚π Έ‚Α ‚½ “ϊ ‚©‚η <NUM> TΤ Θ“ΰ ‚Ι ‰c‹Ζ •ΫΨ ‹ΰ ‚π –{“X ‚Μ ‚ΰ‚ζ‚θ ‚Μ ‹‘υ  ‚Ι ‹‘υ ‚µ ‚Θ‚―‚κ ‚Ξ ‚Θ‚η ‚Θ‚Ά <EOS>,‘ξ’n •¨ ζψ ‹Ζ •ΫΨ ‹¦‰ο Θ‰Ί ‚±‚Μ –β ‚Ι‚¨‚Ά‚Δ •ΫΨ ‹¦‰ο ‚Ζ ‚Ά‚¤ ‚Ι ‰Α“ό ‚µ ‚Δ ‚Ά‚ι ‘ξ’n •¨ ζψ ‹Ζ A ‚ΙΦ‚·‚ι  ‚Μ ‹Lq ‚Μ ‚¤‚Ώ ‘ξ’n •¨ ζψ ‹Ζ–@ ‚Μ ‹K’θ ‚Ι ‚ζ‚κ ‚Ξ ³‚µ‚Ά ‚ΰ‚Μ ‚Ν ‚Η‚κ ‚© <EOS>,‘ξ’n •¨ ζψ ‹Ζ A ‚ ‘ξ’n •¨ ζψ ‹Ζ •ΫΨ ‹¦‰ο Θ‰Ί ‚±‚Μ –β ‚Ι‚¨‚Ά‚Δ •ΫΨ ‹¦‰ο ‚Ζ ‚Ά‚¤ ‚Ι ‰Α“ό ‚µ ‚½ κ‡ ‚ΙΦ‚·‚ι  ‚Μ ‹Lq ‚Μ ‚¤‚Ώ ‘ξ’n •¨ ζψ ‹Ζ–@ ‚Μ ‹K’θ ‚Ι ‚ζ‚κ ‚Ξ ³‚µ‚Ά ‚ΰ‚Μ ‚Ν ‚Η‚κ ‚© <EOS>
<BOS> A ‚©‚η ‚Μ Ψ’n γ ‚Ι •χ ƒ}ƒ“ƒVƒ‡ƒ“ ‚π έ ‚µ ‚½ A ‚ <UNK> “–Y ƒ}ƒ“ƒVƒ‡ƒ“ ‚π Ψ’n   •t‚« ‚Ε •χ ‚·‚ι κ‡ <UNK> A ‚Ν –Ζ‹– ‚π σ‚―‚ι •K—v ‚ ‚ ‚ι ‚ <UNK> A ‚Ν –Ζ‹– ‚π σ‚―‚ι •K—v ‚ ‚Θ‚Ά <UNK> <EOS>,‘ξ’n •¨ ζψ ‹Ζ ‚Μ –Ζ‹– <UNK> Θ‰Ί <UNK> –Ζ‹– <UNK> ‚Ζ ‚Ά‚¤ <UNK> <UNK> ‚ΙΦ‚·‚ι  ‚Μ ‹Lq ‚Μ ‚¤‚Ώ <UNK> ‘ξ’n •¨ ζψ ‹Ζ–@ ‚Μ ‹K’θ ‚Ι ‚ζ‚κ ‚Ξ <UNK> ³‚µ‚Ά ‚ΰ‚Μ ‚Ν ‚Η‚κ ‚© <UNK> <EOS>,‘ξ’n •¨ ζψ ‹Ζ ‚Μ –Ζ‹– <UNK> Θ‰Ί <UNK> –Ζ‹– <UNK> ‚Ζ ‚Ά‚¤ <UNK> <UNK> ‚ΙΦ‚·‚ι  ‚Μ ‹Lq ‚Μ ‚¤‚Ώ <UNK> ‘ξ’n •¨ ζψ ‹Ζ–@ ‚Μ ‹K’θ ‚Ι ‚ζ‚κ ‚Ξ <UNK> λ‚Α ‚Δ ‚Ά‚ι ‚ΰ‚Μ ‚Ν ‚Η‚κ ‚© <UNK> <EOS>
<BOS> b § Z‘ξ‹‹‹φΠ A ‚Μ s‚¤ κ’c ‚Μ “y’n ‚Ι‚Β‚Ά‚Δ <UNK> ‘ξ’n •¨ ζψ ‹Ζ A ‚ ‘γ— ‚µ ‚Δ <UNK> •s “Α’θ ‘½” ‚Μ  ‚Ι ”½• p‘± ‚µ ‚Δ •χ ‚·‚ι κ‡ <UNK> A ‚Ν <UNK> –Ζ‹– ‚π σ‚―‚ι •K—v ‚Ν ‚Θ‚Ά <UNK> <EOS>,‘ξ’n •¨ ζψ ‹Ζ ‚Μ –Ζ‹– <UNK> Θ‰Ί <UNK> –Ζ‹– <UNK> ‚Ζ ‚Ά‚¤ <UNK> <UNK> ‚ΙΦ‚·‚ι  ‚Μ ‹Lq ‚Μ ‚¤‚Ώ <UNK> λ‚Α ‚Δ ‚Ά‚ι ‚ΰ‚Μ ‚Ν ‚Η <UNK> ‚κ ‚© <UNK> <EOS>,‘ξ’n •¨ ζψ ‹Ζ ‚Μ –Ζ‹– <UNK> Θ‰Ί <UNK> –Ζ‹– <UNK> ‚Ζ ‚Ά‚¤ <UNK> <UNK> ‚ΙΦ‚·‚ι  ‚Μ ‹Lq ‚Μ ‚¤‚Ώ <UNK> λ‚Α ‚Δ ‚Ά‚ι ‚ΰ‚Μ ‚Ν ‚Ά‚­‚Β ‚ ‚ι ‚© <UNK> <EOS>
<BOS> A ‚ <UNK> ‘ξ’n •¨ ζψ ‹Ζ ‚Ε ‚Θ‚Ά A ‚Ζ ‚Μ ”„”ƒ _–ρ ‚Μ ’χ‹ ‚ΙΫ‚µ ‚Δ <UNK> A ‚©‚η θ•t ‚Ζ ‚µ ‚Δ –ρ‘© θ` ‚π σ—Μ ‚·‚ι ‚±‚Ζ ‚Ν <UNK> θ•t ‚Ι‚Β‚Ά‚Δ M—p ‚π ‹—^ ‚·‚ι ‚±‚Ζ ‚Ι ‚ ‚½‚ι <UNK> <EOS>,b §’m– ‚Μ –Ζ‹– ‚π σ‚― ‚½ ‘ξ’n •¨ ζψ ‹Ζ A ‚ <UNK> ©‚η ”„ε ‚Ζ ‚µ ‚Δ <UNK> A ‚Ζ V’z Z‘ξ <UNK> “Α’θ Z‘ξ ΰκαr ’S•Ϋ Σ”C ‚Μ —s ‚Μ m•Ϋ “™ ‚ΙΦ‚·‚ι –@—¥ <UNK> Θ‰Ί ‚±‚ΜΤ ‚Ι‚¨‚Ά‚Δ <UNK> Z‘ξ ΰκαr ’S•Ϋ —s –@ <UNK> ‚Ζ ‚Ά‚¤ <UNK> <UNK> ‘ζ <NUM> π ‘ζ <NUM> € ‚Ι ‹K’θ ‚·‚ι V’z Z‘ξ ‚π ‚Ά‚Ά <UNK> ’z H– ®—Ή Ο <UNK> <UNK> ‚Μ ”„”ƒ _–ρ ‚π ’χ‹ ‚·‚ι κ‡ ‚ΙΦ‚·‚ι  ‚Μ ‹Lq ‚Μ ‚¤‚Ώ <UNK> ‘ξ’n •¨ ζψ ‹Ζ–@ ‹y‚Ρ Z‘ξ ζ ”έ ’S•Ϋ —s –@ ‚Μ ‹K’θ ‚Ι ‚ζ‚κ ‚Ξ <UNK> λ‚Α ‚Δ ‚Ά‚ι ‚ΰ‚Μ ‚Ν ‚Η‚κ ‚© <UNK> <EOS>,‘ξ’n •¨ ζψ ‹Ζ A ‚ <UNK> ©‚η ”„ε ‚Ζ ‚µ ‚Δ <UNK> ‘ξ’n •¨ ζψ ‹Ζ ‚Ε ‚Θ‚Ά A ‚Ζ <UNK> ”„”ƒ ‚Μ ”„”ƒ _–ρ ‚π ’χ‹ ‚µ ‚½ κ‡ ‚ΙΦ‚·‚ι  ‚Μ ‹Lq ‚Μ ‚¤‚Ώ <UNK> ‘ξ’n •¨ ζψ ‹Ζ–@ ‚Μ ‹K’θ ‚Ι ‚ζ‚κ ‚Ξ <UNK> λ‚Α ‚Δ ‚Ά‚ι ‚ΰ‚Μ ‚Ν ‚Η‚κ ‚© <UNK> <EOS>
<BOS> sX ‰» ’²® ‹ζζ ‚Ι‚¨‚Ά‚Δ ‘ ‚ έ’u ‚·‚ι γ—Γ –@ ‚Ι ‹K’θ ‚·‚ι •a‰@ ‚Μ —p ‚Ι ‹‚·‚ι {έ ‚Ε ‚ ‚ι ’z •¨ ‚Μ ’z ‚Μ —p ‚Ι ‹‚·‚ι –Ϊ“I ‚Ε s‚ν ‚κ‚ι <NUM> ‡u ‚Μ J”­ sΧ <EOS>, ‚Μ ƒA ‚©‚η ƒE ‚ά‚Ε ‚Μ ‹Lq ‚Μ ‚¤‚Ώ “ss v‰ζ –@ ‚Ι‚ζ‚ι J”­ ‹–‰Β ‚π σ‚―‚ι •K—v ‚Μ ‚ ‚ι –”‚Ν “― –@ ‘ζ <NUM> π ‚Μ <NUM> ‚Μ ‹K’θ ‚Ι ξ‚Γ‚« ‹¦‹c ‚·‚ι •K—v ‚Μ ‚ ‚ι J”­ sΧ ‚Μ ‘g‡‚Ή ‚Ζ‚µ‚Δ ³‚µ‚Ά ‚ΰ‚Μ ‚Ν ‚Η‚κ ‚© ‚½‚Ύ‚µ J”­ ‹–‰Β ‚π σ‚―‚ι •K—v ‚Μ ‚ ‚ι –”‚Ν ‹¦‹c ‚·‚ι •K—v ‚Μ ‚ ‚ι J”­ sΧ ‚Μ –ΚΟ ‚Ι‚Β‚Ά‚Δ ‚Ν π—α ‚Ι‚ζ‚ι ’θ‚ί ‚Ν ‚Θ‚Ά ‚ΰ‚Μ ‚Ζ ‚·‚ι <EOS>, ‚Μ ‹Lq ‚Μ ‚¤‚Ώ “ss v‰ζ –@ ‚Ι‚ζ‚ι ‹–‰Β ‚π σ‚―‚ι •K—v ‚Μ ‚ ‚ι J”­ sΧ ‚Μ ‘g‡‚Ή ‚Ζ‚µ‚Δ ³‚µ‚Ά ‚ΰ‚Μ ‚Ν ‚Η‚κ ‚© ‚½‚Ύ‚µ ‹–‰Β ‚π —v‚·‚ι J”­ sΧ ‚Μ –ΚΟ ‚Ι‚Β‚Ά‚Δ ‚Ν π—α ‚Ι‚ζ‚ι ’θ‚ί ‚Ν ‚Θ‚Ά ‚ΰ‚Μ ‚Ζ ‚·‚ι <EOS>
<BOS> Η—  ‚Ν ­‚Θ‚­‚Ζ‚ΰ –”N <NUM> ‰ρ W‰ο ‚π µW ‚µ ‚Θ‚―‚κ ‚Ξ ‚Θ‚η ‚Θ‚Ά ‚ W‰ο ‚Ν ‹ζ• —L  ‘Sυ ‚Μ “―Σ ‚ ‚ ‚ι ‚Ζ‚« ‚Ν µW ‚Μ θ‘± ‚π o ‚Θ‚Ά ‚Ε J‚­ ‚±‚Ζ ‚ ‚Ε‚«‚ι <EOS>,•¨ ‚Μ ‹ζ• —L “™ ‚ΙΦ‚·‚ι –@—¥ ‚ΙΦ‚·‚ι  ‚Μ ‹Lq ‚Μ ‚¤‚Ώ ³‚µ‚Ά ‚ΰ‚Μ ‚Ν ‚Η‚κ ‚© <EOS>,•¨ ‚Μ ‹ζ• —L “™ ‚ΙΦ‚·‚ι –@—¥ ‚ΙΦ‚·‚ι  ‚Μ ‹Lq ‚Μ ‚¤‚Ώ λ‚Α ‚Δ ‚Ά‚ι ‚ΰ‚Μ ‚Ν ‚Η‚κ ‚© <EOS>
<BOS> A Π ‚ –Ζ‹– ‚Μ XV ‚π σ‚―‚ζ ‚¤ ‚Ζ ‚·‚ι κ‡ ‚Ι ‚Ν <UNK> –Ζ‹– ‚Μ —Lψ ϊΤ –—Ή ‚Μ “ϊ ‚Μ <NUM> “ϊ ‘O ‚ά‚Ε ‚Ι –Ζ‹– \Ώ ‘ ‚π ’ρo ‚µ ‚Θ‚―‚κ ‚Ξ ‚Θ‚η ‚Θ‚Ά <UNK> <EOS>,‘ξ’n •¨ ζψ ‹Ζ A Π ‚ b §’m– ‚©‚η –Ζ‹– ‚π σ‚― ‚Δ ‚Ά‚ι κ‡ ‚ΙΦ‚·‚ι  ‚Μ ‹Lq ‚Μ ‚¤‚Ώ <UNK> ³‚µ‚Ά ‚ΰ‚Μ ‚Ν ‚Ά‚­‚Β ‚ ‚ι ‚© <UNK> <EOS>,–Ζ‹– ‚ΙΦ‚·‚ι  ‚Μ ‹Lq ‚Μ ‚¤‚Ώ <UNK> ‘ξ’n •¨ ζψ ‹Ζ–@ ‚Μ ‹K’θ ‚Ι ‚ζ‚κ ‚Ξ <UNK> ³‚µ‚Ά ‚ΰ‚Μ ‚Ν ‚Ά‚­‚Β ‚ ‚ι ‚© <UNK> <EOS>
<BOS> <UNK> ”}‰ξ _–ρ ‚Μ —Lψ ϊΤ “ΰ ‚Ι ‘ξ’n ‚Μ ”„”ƒ _–ρ ‚ ¬—§ ‚µ ‚Θ‚Ά ‚Ζ‚« ‚Ν <UNK> _–ρ ‚π ©“® XV ‚·‚ι <UNK> | ‚Μ “Α–ρ ‚π ‚µ ‚½ ‚Ζ‚« ‚Ν <UNK> ‚»‚Μ “Α–ρ ‚Ν –³ψ ‚Ζ ‚Θ‚ι <UNK> <EOS>,‘ξ’n •¨ ζψ ‹Ζ A ‚ <UNK> A ‚Μ —L ‚·‚ι ‘ξ’n ‚Μ ”„‹p ‚Μ Λ— ‚π σ‚― <UNK> A ‚Ζ κ”Κ ”}‰ξ _–ρ <UNK> κ”C ”}‰ξ _–ρ ‚Ε ‚Ν ‚Θ‚Ά ”}‰ξ _–ρ <UNK> ‚π ’χ‹ ‚µ ‚½ κ‡ ‚ΙΦ‚·‚ι  ‚Μ ‹Lq ‚Μ ‚¤‚Ώ <UNK> ‘ξ’n •¨ ζψ ‹Ζ–@ ‚Μ ‹K’θ ‚Ι ‚ζ‚κ ‚Ξ <UNK> ³‚µ‚Ά ‚ΰ‚Μ ‚Ν ‚Ά‚­‚Β ‚ ‚ι ‚© <UNK> <EOS>,‘ξ’n •¨ ζψ ‹Ζ A ‚ <UNK> A —L ‚Μ ‘ξ’n ‚Μ ”„‹p ‚Μ ”}‰ξ Λ— ‚π σ‚― <UNK> A ‚Ζ κ”C ”}‰ξ _–ρ ‚π ’χ‹ ‚µ ‚½ κ‡ ‚ΙΦ‚·‚ι  ‚Μ ‹Lq ‚Μ ‚¤‚Ώ <UNK> ‘ξ’n •¨ ζψ ‹Ζ–@ ‚Μ ‹K’θ ‚Ι ‚ζ‚κ ‚Ξ <UNK> λ‚Α ‚Δ ‚Ά‚ι ‚ΰ‚Μ ‚Ν ‚Η‚κ ‚© <UNK> <EOS>
<BOS> ‘ξ’n •¨ ζψ ‹Ζ ‚Ν <UNK> ‚»‚Μ ‹Ζ–± ‚ΙΦ‚µ ‚Δ ‚Θ‚· ‚Χ‚« ‘ξ’n –”‚Ν •¨ ‚Μ ψ“n‚µ ‚π •s“– ‚Ι ’x‰„ ‚µ ‚½ ‚Ζ ‚µ ‚Δ ‚ΰ <UNK> ”±‹ΰ ‚Μ Y ‚Ι ‚Ή ‚η‚κ‚ι ‚±‚Ζ ‚Ν ‚Θ‚Ά <UNK> <EOS>, ‚Μ ‹Lq ‚Μ ‚¤‚Ώ <UNK> ‘ξ’n •¨ ζψ ‹Ζ–@ ‚Μ ‹K’θ ‚Ι ‚ζ‚κ ‚Ξ <UNK> ³‚µ‚Ά ‚ΰ‚Μ ‚Ν ‚Ά‚­‚Β ‚ ‚ι ‚© <UNK> <EOS>,‘ξ’n •¨ ζψ ‹Ζ–@ ‚ΙΦ‚·‚ι  ‚Μ ‹Lq ‚Μ ‚¤‚Ώ <UNK> λ‚Α ‚Δ ‚Ά‚ι ‚ΰ‚Μ ‚Ν ‚Η‚κ ‚© <UNK> <EOS>
<BOS> ·’n v‰ζ ‚Ι‚¨‚Ά‚Δ ·’n ‚π ’θ‚ί‚ι κ‡ ‚Ι‚¨‚Ά‚Δ ‚Ν <UNK> ·’n ‹y‚Ρ ]‘O ‚Μ ‘ξ’n ‚Μ Κ’u <UNK> ’nΟ <UNK> “yΏ <UNK> …— <UNK> ——p σ‹µ <UNK> Β‹« “™ ‚ Ζ‰ ‚·‚ι ‚ζ‚¤ ‚Ι ’θ‚ί ‚Θ‚―‚κ ‚Ξ ‚Θ‚η ‚Θ‚Ά <UNK> <EOS>,“y’n ‹ζ‰ζ ®— –‹Ζ ‚ΙΦ‚·‚ι  ‚Μ ‹Lq ‚Μ ‚¤‚Ώ <UNK> “y’n ‹ζ‰ζ ®— –@ ‚Μ ‹K’θ ‚Ι ‚ζ‚κ ‚Ξ <UNK> λ‚Α ‚Δ ‚Ά‚ι ‚ΰ‚Μ ‚Ν ‚Η‚κ ‚© <UNK> <EOS>,“y’n ‹ζ‰ζ ®— –‹Ζ ‚ΙΦ‚·‚ι  ‚Μ ‹Lq ‚Μ ‚¤‚Ώ <UNK> “y’n ‹ζ‰ζ ®— –@ ‚Μ ‹K’θ ‚Ι ‚ζ‚κ ‚Ξ <UNK> λ‚Α ‚Δ ‚Ά‚ι ‚ΰ‚Μ ‚Ν ‚Η‚κ ‚© <UNK> <EOS>
<BOS> ‚±‚Μ Ε—¦ ‚Μ yΈ ‘[’u ‚Ν <UNK> ° –ΚΟ ‚ <NUM> ‡u ‚π ’΄‚¦‚ι Z‘ξ —p ‰Ζ‰® ‚Ι‚Β‚Ά‚Δ σ‚―‚ι —L   ‚Μ Ϊ“] ‚Μ “o‹L ‚Ι ‚Ν “K—p ‚³ ‚κ ‚Θ‚Ά <UNK> <EOS>,Z‘ξ —p ‰Ζ‰® ‚Μ —L   ‚Μ Ϊ“] ‚Μ “o‹L ‚Ι W‚ι “o^ –Ζ‹– Ε ‚Μ Ε—¦ ‚Μ yΈ ‘[’u ‚Μ “K—p ‚ΙΦ‚·‚ι  ‚Μ ‹Lq ‚Μ ‚¤‚Ώ <UNK> ³‚µ‚Ά ‚ΰ‚Μ ‚Ν ‚Η‚κ ‚© <UNK> <EOS>,Z‘ξ —p ‰Ζ‰® ‚Μ —L   ‚Μ Ϊ“] ‚Μ “o‹L ‚Ι W‚ι “o^ –Ζ‹– Ε ‚Μ Ε—¦ ‚Μ yΈ ‘[’u ‚Μ “K—p ‚ΙΦ‚·‚ι  ‚Μ ‹Lq ‚Μ ‚¤‚Ώ <UNK> ³‚µ‚Ά ‚ΰ‚Μ ‚Ν ‚Η‚κ ‚© <UNK> <EOS>
<BOS> ·’n v‰ζ ‚Ι‚¨‚Ά‚Δ ’θ‚ί ‚η‚κ ‚½ •Ϋ—― ’n ‚Ν <UNK> ·’n • ‚Μ φ ‚ ‚ ‚Α ‚½ “ϊ ‚Μ —‚“ϊ ‚Ι‚¨‚Ά‚Δ <UNK> “–Y •Ϋ—― ’n ‚Μ έ ‚·‚ι s’¬‘Ί ‚ ζ“Ύ ‚·‚ι <UNK> <EOS>,“y’n ‹ζ‰ζ ®— –‹Ζ ‚Ι‚¨‚―‚ι ·’n • ‚ΙΦ‚·‚ι  ‚Μ ‹Lq ‚Μ ‚¤‚Ώ <UNK> “y’n ‹ζ‰ζ ®— –@ ‚Μ ‹K’θ ‚Ι ‚ζ‚κ ‚Ξ <UNK> ³‚µ‚Ά ‚ΰ‚Μ ‚Ν ‚Η‚κ ‚© <UNK> <EOS>,“y’n ‹ζ‰ζ ®— –‹Ζ <UNK> Θ‰Ί ‚±‚ΜΤ ‚Ι‚¨‚Ά‚Δ <UNK> –‹Ζ <UNK> ‚Ζ ‚Ά‚¤ <UNK> <UNK> ‚ΙΦ‚·‚ι  ‚Μ ‹Lq ‚Μ ‚¤‚Ώ <UNK> λ‚Α ‚Δ ‚Ά‚ι ‚ΰ‚Μ ‚Ν ‚Η‚κ ‚© <UNK> <EOS>
<BOS> ‰^‘— ‹Ζ ‚Μ‚έ ‚π s‚¤ x“X ‚ ‰³ § ‚Ι έ ‚·‚ι κ‡ <UNK> A Π ‚Ν ‘“y π’Κ ‘εb ‚Μ –Ζ‹– ‚π σ‚― ‚Θ‚―‚κ ‚Ξ ‚Θ‚η ‚Θ‚Ά <UNK> <EOS>,b §“ΰ ‚Ι ––± ‚π έ’u ‚µ ‚Δ –Ζ‹– ‚π σ‚―‚ζ ‚¤ ‚Ζ ‚µ ‚Δ ‚Ά‚ι A Π <UNK> ––± ” <NUM> <UNK> ‚Μ –Ζ‹– ‚ΙΦ‚·‚ι  ‚Μ ‹Lq ‚Μ ‚¤‚Ώ <UNK> ‘ξ’n •¨ ζψ ‹Ζ–@ ‚Μ ‹K’θ ‚Ι ‚ζ‚κ ‚Ξ <UNK> ³‚µ‚Ά ‚ΰ‚Μ ‚Ν ‚Η‚κ ‚© <UNK> <EOS>,‘ξ’n •¨ ζψ ‹Ζ ‚Μ –Ζ‹– <UNK> Θ‰Ί <UNK> –Ζ‹– <UNK> ‚Ζ ‚Ά‚¤ <UNK> <UNK> ‚ΙΦ‚·‚ι  ‚Μ ‹Lq ‚Μ ‚¤‚Ώ <UNK> ‘ξ’n •¨ ζψ ‹Ζ–@ ‚Μ ‹K’θ ‚Ι ‚ζ‚κ ‚Ξ <UNK> ³‚µ‚Ά ‚ΰ‚Μ ‚Ν ‚Η‚κ ‚© <UNK> <EOS>
<BOS> ’z •¨ ‚Μ •Η ‚Μ ’n”Υ –Κ ‰Ί ‚Μ •”• ‚Ι‚Β‚Ά‚Δ ‚Ν <UNK> •Η–Κ ό ‚π ‰z‚¦ ‚Δ ’z ‚·‚ι ‚±‚Ζ ‚ ‚Ε‚«‚ι <UNK> <EOS>,’z •¨ ‚Μ •~’n –”‚Ν <UNK> ’z •¨ ‚Ζ “ΉH ‚Ζ ‚Μ ΦW ‚ΙΦ‚·‚ι  ‚Μ ‹Lq ‚Μ ‚¤‚Ώ <UNK> ’z ξ€ –@ ‚Μ ‹K’θ ‚Ι ‚ζ‚κ ‚Ξ <UNK> λ‚Α ‚Δ ‚Ά‚ι ‚ΰ‚Μ ‚Ν ‚Η‚κ ‚© <UNK> <EOS>,’z •¨ ‚Μ \‘Ά ‚ΙΦ‚·‚ι  ‚Μ ‹Lq ‚Μ ‚¤‚Ώ <UNK> λ‚Α ‚Δ ‚Ά‚ι ‚ΰ‚Μ ‚Ν ‚Η‚κ ‚© <UNK> <EOS>
<BOS> A ‚Μ β—―• ‚Ν <UNK> A ‚Μ ΰY ‚Μ <NUM> •‚Μ <NUM> ‚Μ z ‚Ζ ‚Θ‚ι <UNK> <EOS>,A ‚ €–S ‚µ <UNK> ‘‘± l ‚Ζ ‚µ ‚Δ <UNK> ”z‹τ  A <UNK> ’„o q A <UNK> A <UNK> ”ρ ’„o q A ‚ ‚Ά‚ι <UNK> ‚±‚Μ κ‡ ‚ΙΦ‚·‚ι  ‚Μ ‹Lq ‚Μ ‚¤‚Ώ <UNK> –―–@ ‚Μ ‹K’θ ‚Ι ‚ζ‚κ ‚Ξ <UNK> ³‚µ‚Ά ‚ΰ‚Μ ‚Ν ‚Η‚κ ‚© <UNK> <EOS>,A ‚ <UNK> A ‚Ι‘Ξ‚µ ‚Δ •‰‚¤ <NUM> <UNK> <NUM> <NUM> ‰~ ‚Μ ‘έ‹ΰ Β–± ‚Μ ’S•Ϋ ‚Μ ‚½‚ί <UNK> A ‚Ν <UNK> A ‚ A ‚©‚η A ‚Μ €–S ‚µ ‚½ ‚ <UNK> €–S ‚µ ‚Δ ‚Ά‚ι <UNK> ‚±‚Μ κ‡ <UNK> –―–@ ‚Μ ‹K’θ ‹y‚Ρ ”»—α ‚Ι ‚ζ‚κ ‚Ξ <UNK>  ‚Μ ‹Lq ‚Μ ‚¤‚Ώ <UNK> ³‚µ‚Ά ‚ΰ‚Μ ‚Ν ‚Η‚κ ‚© <UNK> <EOS>
<BOS> –{ _–ρ ‚ <UNK> ‹Z —p •¨ <UNK> ° –ΚΟ <NUM> ‡u ‚Μ ’ΐ‘έΨ ‚Μ κ‡ <UNK> “]‹Ξ <UNK> —Γ—{ <UNK> e‘° ‚Μ ‰ξμ ‚»‚Μ‘Ό ‚Μ ‚β‚ή‚π“Ύ‚Θ‚Ά –ξ ‚Ι‚ζ‚θ <UNK> ’ΐ Ψ“ό ‚ •¨ ‚π ©Θ ‚Μ ¶ ‚Μ –{‹’ ‚Ζ ‚µ ‚Δ g—p ‚·‚ι ‚±‚Ζ ‚ Ά“ο ‚Ζ ‚Θ‚Α ‚½ ‚Ζ‚« ‚Ν <UNK> ’ΐ Ψ“ό ‚Ν <UNK> –{ _–ρ ‚Μ ‰π–ρ ‚Μ \“ό‚κ ‚π ‚·‚ι ‚±‚Ζ ‚ ‚Ε‚« <UNK> ‰π–ρ ‚Μ \“ό‚κ ‚Μ “ϊ ‚©‚η <NUM>  ‚π o‰ί ‚·‚ι ‚±‚Ζ ‚Ι‚ζ‚Α‚Δ I—Ή ‚·‚ι <UNK> <EOS>,Ψ’n Ψ‰Ζ –@ ‘ζ <NUM> π ‚Μ ’θϊ •¨ ’ΐ‘έΨ <UNK> Θ‰Ί ‚±‚ΜΤ ‚Ι‚¨‚Ά‚Δ <UNK> ’θϊ •¨ ’ΐ‘έΨ <UNK> ‚Ζ ‚Ά‚¤ <UNK> <UNK> ‚ΙΦ‚·‚ι  ‚Μ ‹Lq ‚Μ ‚¤‚Ώ <UNK> Ψ’n Ψ‰Ζ –@ ‚Μ ‹K’θ ‚Ι ‚ζ‚κ ‚Ξ <UNK> ³‚µ‚Ά ‚ΰ‚Μ ‚Ν ‚Η‚κ ‚© <UNK> <EOS>,A ‚Ν <UNK> —L ‚Μ –Ϊ“I ‚Ε A —L ‚Μ “y’n ‚π ϊΤ <NUM> ”N ‚Ε ’ΐΨ ‚·‚ι _–ρ ‚π ’χ‹ ‚µ <UNK> ‚»‚Μ γ ‚Ι b •¨ ‚π ’z ‚µ ‚Δ —L ‚µ ‚Δ ‚Ά‚ι <UNK> ‚±‚Μ κ‡ <UNK> –―–@ ‹y‚Ρ Ψ’n Ψ‰Ζ –@ ‚Μ ‹K’θ •ΐ‚Ρ‚Ι ”»—α ‚Ι ‚ζ‚κ ‚Ξ <UNK>  ‚Μ ‹Lq ‚Μ ‚¤‚Ώ ³‚µ‚Ά ‚ΰ‚Μ ‚Ν ‚Η‚κ ‚© <UNK> <EOS>
<BOS> A ‚Ν <UNK> ‚»‚Μ ‹Ζ–± ‚ΙΦ‚µ ‚Δ L ‚π ‚·‚ι ‚Ζ‚« ‚Ν <UNK> “–Y L ‚Ι W‚ι ‘ξ’n ‚Μ έ ‚Ι‚Β‚Ά‚Δ <UNK> ’‚µ‚­ –ΐ ‚Ι ‘α ‚·‚ι •\¦ ‚π ‚µ ‚Δ ‚Ν ‚Θ‚η ‚Θ‚Ά ‚ <UNK> “–Y ‹K§ ‚Μ ‘ΞΫ ‚Ζ ‚Θ‚ι L ‚Μ ”}‘Μ ‚Ν <UNK> VΤ ‚Μ ά ƒ`ƒ‰ƒV <UNK> ”z•z —p ‚Μ ƒ`ƒ‰ƒV <UNK> V•· <UNK> G <UNK> ƒeƒƒr <UNK> ƒ‰ƒWƒI –”‚Ν ƒCƒ“ƒ^[ƒlƒbƒg ‚Μ ƒz[ƒ€ƒy[ƒW “™ ν—ή ‚π –β‚ν ‚Θ‚Ά <UNK> <EOS>,‘ξ’n •¨ ζψ ‹Ζ A ‚Μ ‹Ζ–± ‚ΙΦ‚·‚ι  ‚Μ ‹Lq ‚Μ ‚¤‚Ώ <UNK> ‘ξ’n •¨ ζψ ‹Ζ–@ ‚Μ ‹K’θ ‚Ι ‚ζ‚κ ‚Ξ <UNK> ³‚µ‚Ά ‚ΰ‚Μ ‚Ν ‚Ά‚­‚Β ‚ ‚ι ‚© <UNK> ‚Θ‚¨ <UNK> –{ –β ‚Ι‚¨‚Ά‚Δ <UNK> m”F <UNK> ‚Ζ ‚Ν <UNK> ’z ξ€ –@ ‘ζ <NUM> π ‘ζ <NUM> € ‚Μ m”F ‚π ‚Ά‚¤ ‚ΰ‚Μ ‚Ζ ‚·‚ι <UNK> <EOS>,‘ξ’n •¨ ζψ ‹Ζ A ‚Μ ‹Ζ–± ‚ΙΦ‚·‚ι  ‚Μ ‹Lq ‚Μ ‚¤‚Ώ <UNK> ‘ξ’n •¨ ζψ ‹Ζ–@ ‚Μ ‹K’θ ‚Ι ‚ζ‚κ ‚Ξ <UNK> ³‚µ‚Ά ‚ΰ‚Μ ‚Ν ‚Η‚κ ‚© <UNK> <EOS>
<BOS> ϋ‰v ³ –@ ‚Ν <UNK> ‘ΞΫ •s“®Y ‚ «— ¶‚έo‚· ‚Ε ‚ ‚λ ‚¤ ‚Ζ ϊ‘ ‚³ ‚κ‚ι ƒ ϋ‰v ‚Μ »έ ‰Ώ’l ‚Μ ‘a ‚π ‹‚ί‚ι ‚±‚Ζ ‚Ι‚ζ‚θ ‘ΞΫ •s“®Y ‚Μ Z ‰Ώi ‚π ‹‚ί‚ι θ–@ ‚Ε ‚ ‚ι <UNK> ‚±‚Μ ϋ‰v ³ –@ ‚Ν <UNK> © —p ‚Μ •s“®Y ΘO ‚Μ ‚ΰ‚Μ ‚Ι ‚Ν ξ–{ “I ‚Ι ‚·‚Χ‚Δ “K—p ‚· ‚Χ‚« ‚ΰ‚Μ ‚Ε ‚ ‚ι <UNK> <EOS>,•s“®Y ‚Μ Σ’θ •]‰Ώ ‚ΙΦ‚·‚ι  ‚Μ ‹Lq ‚Μ ‚¤‚Ώ <UNK> λ‚Α ‚Δ ‚Ά‚ι ‚ΰ‚Μ ‚Ν ‚Η‚κ ‚© <UNK> <EOS>,•s“®Y ‚Μ Σ’θ •]‰Ώ ‚ΙΦ‚·‚ι  ‚Μ ‹Lq ‚Μ ‚¤‚Ώ <UNK> λ‚Α ‚Δ ‚Ά‚ι ‚ΰ‚Μ ‚Ν ‚Η‚κ ‚© <UNK> <EOS>
<BOS> ‘ξ’n •¨ ζψ ‹Ζ ‚Ν <UNK> ––± ‚Ι ’u‚­ ‚Χ‚« ¬”N  ‚Ε ‚ ‚ι κ”C ‚Μ ‘ξ’n •¨ ζψ ε”C  <UNK> Θ‰Ί <UNK> ζψ ε”C  <UNK> ‚Ζ ‚Ά‚¤ <UNK> <UNK> ‚Μ ” ‚ ‘“y π’Κ Θ—ί ‚Ε ’θ‚ί‚ι ” ‚π ‰Ί‰ρ‚Α ‚½ κ‡ ‚Ι ‚Ν <UNK> ‚»‚Μ “ϊ ‚©‚η <NUM> “ϊ Θ“ΰ ‚Ι <UNK> •K—v ‚Θ ‘[’u ‚π ‚Ζ‚η ‚Θ‚―‚κ ‚Ξ ‚Θ‚η ‚Θ‚Ά <UNK> <EOS>, ‚Μ ‹Lq ‚Μ ‚¤‚Ώ <UNK> ‘ξ’n •¨ ζψ ‹Ζ–@ ‚Μ ‹K’θ ‚Ι ‚ζ‚κ ‚Ξ <UNK> ³‚µ‚Ά ‚ΰ‚Μ ‚Ν ‚Ά‚­‚Β ‚ ‚ι ‚© <UNK> <EOS>,‘ξ’n •¨ ζψ ‹Ζ–@ ‚Ι ‹K’θ ‚·‚ι ‘ξ’n •¨ ζψ m ‚ΙΦ‚·‚ι  ‚Μ ‹Lq ‚Μ ‚¤‚Ώ <UNK> λ‚Α ‚Δ ‚Ά‚ι ‚ΰ‚Μ ‚Ν ‚Η‚κ ‚© <UNK> <EOS>
<BOS> A ‚Ν <UNK> ‰³ §“ΰ ‚Ι ] ‚½‚ι ––± ‚π έ’u ‚·‚ι ‚½‚ί <UNK> ‘“y π’Κ ‘εb ‚Ι –Ζ‹– \Ώ ‘ ‚π ’ρo ‚µ <UNK> •½¬ <NUM> ”N <NUM>  <NUM> “ϊ ‚Ι –Ζ‹– ‚π σ‚― ‚½ κ‡ <UNK> b §’m– ‚Μ –Ζ‹– ‚Ν <UNK> ‘“y π’Κ ‘εb ‚Μ –Ζ‹– ‚π σ‚―‚ι  ‚ά‚Ε <UNK> ‚»‚Μ ψ—Ν ‚π —L‚·‚ι <UNK> <EOS>,Βl ‚Ε ‚ ‚ι A ‚Ν <UNK> •½¬ <NUM> ”N <NUM>  <NUM> “ϊ ‚Ι b §’m– ‚©‚η ‘ξ’n •¨ ζψ ‹Ζ ‚Μ –Ζ‹– <UNK> Θ‰Ί <UNK> –Ζ‹– <UNK> ‚Ζ ‚Ά‚¤ <UNK> <UNK> ‚π σ‚― <UNK> b §“ΰ ‚Ι έ’u ‚µ ‚½ ––± ‚Ε ‘ξ’n •¨ ζψ ‹Ζ ‚π ‰c‚ρ ‚Ε ‚Ά‚ι <UNK> ‚±‚Μ κ‡ ‚ΙΦ‚·‚ι  ‚Μ ‹Lq ‚Μ ‚¤‚Ώ <UNK> ‘ξ’n •¨ ζψ ‹Ζ–@ ‚Μ ‹K’θ ‚Ι ‚ζ‚κ ‚Ξ <UNK> ³‚µ‚Ά ‚ΰ‚Μ ‚Ν ‚Η‚κ ‚© <UNK> <EOS>,Βl ‚Ε ‚ ‚ι A ‚Ν <UNK> •½¬ <NUM> ”N <NUM>  <NUM> “ϊ ‚Ι b §’m– ‚©‚η ‘ξ’n •¨ ζψ ‹Ζ ‚Μ –Ζ‹– <UNK> Θ‰Ί <UNK> –Ζ‹– <UNK> ‚Ζ ‚Ά‚¤ <UNK> <UNK> ‚π σ‚― <UNK> b §“ΰ ‚Ι έ’u ‚µ ‚Δ ‚Ά‚ι <UNK> ‚±‚Μ κ‡ ‚ΙΦ‚·‚ι  ‚Μ ‹Lq ‚Μ ‚¤‚Ώ <UNK> ‘ξ’n •¨ ζψ ‹Ζ–@ ‚Μ ‹K’θ ‚Ι ‚ζ‚κ ‚Ξ <UNK> ³‚µ‚Ά ‚ΰ‚Μ ‚Ν ‚Η‚κ ‚© <UNK> <EOS>
<BOS> A ‚Ν <UNK> ƒzƒeƒ‹ ‚Μ ƒƒr[ ‚Ε ”ƒσ‚― ‚Μ \‚έ ‹y‚Ρ ”„”ƒ _–ρ ‚Μ ’χ‹ ‚π ‚µ ‚½ κ‡ ‚Ι ‚Ν <UNK> A ‚ A ‚©‚η ƒN[ƒƒ“ƒOEƒIƒt ‚π ‚µ ‚Θ‚Ά | ‚Μ ‡Σ ‚π ζ‚θ•t‚― ‚Δ ‚Ά ‚½ ‚Ζ ‚µ ‚Δ ‚ΰ <UNK> ƒN[ƒƒ“ƒOEƒIƒt ‚Ι‚ζ‚ι _–ρ ‚Μ ‰π ‚π ‚·‚ι ‚±‚Ζ ‚ ‚Ε‚«‚ι <UNK> <EOS>,‘ξ’n •¨ ζψ ‹Ζ A ‚ <UNK> ©‚η ”„ε ‚Ζ ‚µ ‚Δ ‘ξ’n •¨ ζψ ‹Ζ ‚Ε ‚Θ‚Ά ”ƒε A ‚Ζ ‚Μ Τ ‚Ε ’χ‹ ‚µ ‚½ “‘ —p ƒ}ƒ“ƒVƒ‡ƒ“ ‚Μ ”„”ƒ _–ρ ‚Ι‚Β‚Ά‚Δ <UNK> A ‚ ‘ξ’n •¨ ζψ ‹Ζ–@ ‘ζ <NUM> π ‚Μ <NUM> ‚Μ ‹K’θ ‚Ι ξ‚Γ‚« <UNK> ‚Ά‚ν‚δ‚ι ƒN[ƒƒ“ƒOEƒIƒt ‚Ι‚ζ‚ι _–ρ ‚Μ ‰π ‚π ‚·‚ι κ‡ ‚Ι‚¨‚―‚ι  ‚Μ ‹Lq ‚Μ ‚¤‚Ώ <UNK> ³‚µ‚Ά ‚ΰ‚Μ ‚Ν ‚Η‚κ ‚© <UNK> <EOS>,‘ξ’n •¨ ζψ ‹Ζ A ‚ <UNK> ©‚η ”„ε ‚Ζ ‚µ ‚Δ ‘ξ’n •¨ ζψ ‹Ζ ‚Ε ‚Θ‚Ά A ‚Ζ ‚Μ Τ ‚Ε ’χ‹ ‚µ ‚½ “‘ —p ƒ}ƒ“ƒVƒ‡ƒ“ ‚Μ ”„”ƒ _–ρ ‚Ι‚Β‚Ά‚Δ <UNK> A ‚ ‘ξ’n •¨ ζψ ‹Ζ–@ ‘ζ <NUM> π ‚Μ <NUM> ‚Μ ‹K’θ ‚Ι ξ‚Γ‚« <UNK> ‚Ά‚ν‚δ‚ι ƒN[ƒƒ“ƒOEƒIƒt ‚Ι‚ζ‚ι _–ρ ‚Μ ‰π ‚π ‚·‚ι κ‡ ‚Ι‚¨‚―‚ι  ‚Μ ‹Lq ‚Μ ‚¤‚Ώ <UNK> λ‚Α ‚Δ ‚Ά‚ι ‚ΰ‚Μ ‚Ν ‚Η‚κ ‚© <UNK> <EOS>
<BOS> “s“Ή•{§ ’m– ‚©‚η ––± ‚Μ ‹Φ~ • ‚π σ‚― ‚½ ζψ ε”C  ‚Ν <UNK> ‘¬‚β‚© ‚Ι ζψ ε”C  Ψ ‚π <UNK> ‚»‚Μ π•t ‚π ‚µ ‚½ “s“Ή•{§ ’m– ‚Ι ’ρo ‚µ ‚Θ‚―‚κ ‚Ξ ‚Θ‚η ‚Έ <UNK> ‚±‚κ ‚Ι α”½ ‚µ ‚½ ‚Ζ‚« ‚Ν <UNK> ‰ί—Ώ ‚Ι ‚Ή ‚η‚κ‚ι κ‡ ‚ ‚ ‚ι <UNK> <EOS>,‘ξ’n •¨ ζψ ‹Ζ ‹y‚Ρ ζψ ε”C  “™ ‚Ι‘Ξ‚·‚ι ”±‘¥ ‚Μ ‹K’θ ‚ΙΦ‚·‚ι  ‚Μ ‹Lq ‚Μ ‚¤‚Ώ <UNK> λ‚Α ‚Δ ‚Ά‚ι ‚ΰ‚Μ ‚Ν ‚Η‚κ ‚© <UNK> <EOS>,ζψ ε”C  ‚Ι‘Ξ‚·‚ι Δ“Β • ‚ΙΦ‚·‚ι  ‚Μ ‹Lq ‚Μ ‚¤‚Ώ <UNK> ‘ξ’n •¨ ζψ ‹Ζ–@ ‚Μ ‹K’θ ‚Ι ‚ζ‚κ ‚Ξ <UNK> ³‚µ‚Ά ‚ΰ‚Μ ‚Ν ‚Η‚κ ‚© <UNK> <EOS>
<BOS> A ‚ ‘“– ‚Θ ϊΤ ‚π ’θ‚ί ‚Δ Γ ‚µ ‚½ ‚ <UNK> Γ ‚Μ ϊΤ “ΰ ‚Ι A ‚ —s ‹‘β ‚Μ Σv ‚π –Ύm ‚Ι •\¦ ‚µ ‚½ κ‡ ‚Ν <UNK> A ‚Ν <UNK> ‚»‚Μ ϊΤ ‚Μ –—Ή ‚π ‘‚½ ‚Έ ‚Ι <UNK> “–Y _–ρ ‚π ‰π ‚·‚ι ‚±‚Ζ ‚ ‚Ε‚«‚ι <UNK> <EOS>,A ‚ <UNK> A —L ‚Μ “y’n ‚π A ‚Ι ”„‹p ‚µ <UNK> ©‚η ‚Μ —s ‚Μ ’ρ‹ ‚π ‚µ ‚½ ‚ <UNK> A ‚ ‘γ‹ΰ ‚Μ x•¥‚Ά ‚π ‚µ ‚Θ‚Ά κ‡ ‚ΙΦ‚·‚ι  ‚Μ ‹Lq ‚Μ ‚¤‚Ώ <UNK> –―–@ ‚Μ ‹K’θ ‹y‚Ρ ”»—α ‚Ι ‚ζ‚κ ‚Ξ <UNK> ³‚µ‚Ά ‚ΰ‚Μ ‚Ν ‚Η‚κ ‚© <UNK> <EOS>,A —L ‚Μ “y’n ‚ <UNK> A ‚©‚η A <UNK> A ‚©‚η A ‚Φ ‚Ζ ‚Μ <UNK> ‚Μ —L ‚π –Ϊ“I ‚Ζ ‚µ ‚Δ <UNK> A ‚ ‚Ά‚ι <UNK> ‚±‚Μ κ‡ <UNK> –―–@ ‚Μ ‹K’θ ‹y‚Ρ ”»—α ‚Ι ‚ζ‚κ ‚Ξ <UNK>  ‚Μ ‹Lq ‚Μ ‚¤‚Ώ ³‚µ‚Ά ‚ΰ‚Μ ‚Ν ‚Η‚κ ‚© <UNK> <EOS>
<BOS> A ‚ ”ν •Ϋ ² l ‚Ε ‚ ‚ι κ‡ <UNK> A ‚ •Ϋ ² l ‚Μ “―Σ ‚π “Ύ ‚Θ‚Ά ‚Ε ©Θ —L ‚Μ •¨ ‚π <NUM> ”NΤ A ‚Ι ’ΐ‘έ ‚µ ‚½ ‚Ζ‚« ‚Ν <UNK> A ‚Μ •Ϋ ² l ‚Ν <UNK> ‚»‚Μ ’ΐ‘έΨ ‚π ζ‚θΑ‚· ‚±‚Ζ ‚ ‚Ε‚«‚ι <UNK> <EOS>,A ‚ s‚Α ‚½ –@—¥ sΧ ‚ΙΦ‚·‚ι  ‚Μ ‹Lq ‚Μ ‚¤‚Ώ <UNK> –―–@ ‚Μ ‹K’θ ‹y‚Ρ ”»—α ‚Ι ‚ζ‚κ ‚Ξ <UNK> ³‚µ‚Ά ‚ΰ‚Μ ‚Ν ‚Η‚κ ‚© <UNK> <EOS>,A ‚ A ‚Ι b’n ‚π ”„‹p ‚µ ‚½ κ‡ ‚ΙΦ‚·‚ι  ‚Μ ‹Lq ‚Μ ‚¤‚Ώ <UNK> –―–@ ‚Μ ‹K’θ ‹y‚Ρ ”»—α ‚Ι ‚ζ‚κ ‚Ξ <UNK> ³‚µ‚Ά ‚ΰ‚Μ ‚Ν ‚Η‚κ ‚© <UNK> <EOS>
<BOS> ”ƒ <UNK> Y ‚Ζ ‚³ ‚κ‚ι ‰Ζ‰® ‚Ι‚Β‚Ά‚Δ ‚Ν χ“n ‚π ‚µ ‚½ “ϊ ‚©‚η “―“ϊ Θγ <NUM> ”N ‚π o‰ί ‚·‚ι “ϊ ‚Μ ‘®‚·‚ι ”N ‚Μ <NUM>  <NUM> “ϊ ‚ά‚Ε ‚Ι ζ“Ύ ‚·‚ι ‚ΰ‚Μ ‚Ε ‚ ‚ι ‚±‚Ζ ‚ “K—p —v ‚Ζ ‚³ ‚κ ‚Δ ‚Ά‚ι <EOS>,‘dΕ “Α•Κ ‘[’u –@ ‘ζ <NUM> π ‚Μ <NUM> ‚Μ “Α’θ ‚Μ ‹Z —p ΰY ‚Μ ”ƒ ·‚¦ “™ ‚Μ κ‡ ‚Μ χ“n ‘ΉΈ ‚Μ ‘Ή‰v ’ΚZ ‹y‚Ρ J‰z T ‚ΙΦ‚·‚ι  ‚Μ ‹Lq ‚Μ ‚¤‚Ώ ³‚µ‚Ά ‚ΰ‚Μ ‚Ν ‚Η‚κ ‚© <EOS>,‘dΕ “Α•Κ ‘[’u –@ ‘ζ <NUM> π ‚Μ <NUM> ‚Μ “Α’θ ‚Μ ‹Z —p ΰY ‚Μ ”ƒ ·‚¦ ‚Μ κ‡ ‚Μ ’·ϊ χ“n “Ύ ‚Μ ‰ΫΕ ‚Μ “Α—α ‚ΙΦ‚·‚ι  ‚Μ ‹Lq ‚Μ ‚¤‚Ώ ³‚µ‚Ά ‚ΰ‚Μ ‚Ν ‚Η‚κ ‚© <EOS>
<BOS> A ‚ <UNK> b §’m– ‚©‚η ‹Ζ–± ’β~ • ‚π σ‚― <UNK> “–Y • ‚Ι α”½ ‚µ ‚½ ‚½‚ί <UNK> b §’m– ‚©‚η –Ζ‹– ζΑ • ‚π σ‚― ‚½ κ‡ ‚Ε‚ΰ <UNK> A ‚Ν <UNK> ε‚½‚ι ––± ‚Μ ‚ΰ‚ζ‚θ ‚Μ ‹‘υ  ‚©‚η ‰c‹Ζ •ΫΨ ‹ΰ ‚π ζ‚θ–ί‚· ‚±‚Ζ ‚ ‚Ε‚«‚ι <UNK> <EOS>,‘ξ’n •¨ ζψ ‹Ζ A <UNK> b §’m– –Ζ‹– <UNK> ‚Μ ‰c‹Ζ •ΫΨ ‹ΰ ‚ΙΦ‚·‚ι  ‚Μ ‹Lq ‚Μ ‚¤‚Ώ <UNK> ‘ξ’n •¨ ζψ ‹Ζ–@ ‚Μ ‹K’θ ‚Ι ‚ζ‚κ ‚Ξ <UNK> ³‚µ‚Ά ‚ΰ‚Μ ‚Ν ‚Η‚κ ‚© <UNK> <EOS>,‘ξ’n •¨ ζψ ‹Ζ A ‚ b ‚Μ <UNK> ‚Μ ‰c‹Ζ •ΫΨ ‹ΰ ‚ΙΦ‚·‚ι  ‚Μ ‹Lq ‚Μ ‚¤‚Ώ <UNK> ‘ξ’n •¨ ζψ ‹Ζ–@ ‚Μ ‹K’θ ‚Ι ‚ζ‚κ ‚Ξ <UNK> λ‚Α ‚Δ ‚Ά‚ι ‚ΰ‚Μ ‚Ν ‚Η‚κ ‚© <UNK> <EOS>
<BOS> ‹ζ‰ζ ®— ‰οΠ ‚ {s ‚·‚ι “y’n ‹ζ‰ζ ®— –‹Ζ ‚Μ ·’n v‰ζ ‚Ι‚¨‚Ά‚Δ ‚Ν “y’n ‹ζ‰ζ ®— –‹Ζ ‚Μ {s ‚Μ ”ο—p ‚Ι [‚Δ‚ι ‚½‚ί κ’θ ‚Μ “y’n ‚π ·’n ‚Ζ‚µ‚Δ ’θ‚ί ‚Θ‚Ά ‚Ε ‚»‚Μ “y’n ‚π •Ϋ—― ’n ‚Ζ‚µ‚Δ ’θ‚ί‚ι ‚±‚Ζ ‚ ‚Ε‚«‚ι <EOS>,“y’n ‹ζ‰ζ ®— –@ ‚ΙΦ‚·‚ι  ‚Μ ‹Lq ‚Μ ‚¤‚Ώ λ‚Α ‚Δ ‚Ά‚ι ‚ΰ‚Μ ‚Ν ‚Η‚κ ‚© <EOS>,“y’n ‹ζ‰ζ ®— –@ ‚ΙΦ‚·‚ι  ‚Μ ‹Lq ‚Μ ‚¤‚Ώ λ‚Α ‚Δ ‚Ά‚ι ‚ΰ‚Μ ‚Ν ‚Η‚κ ‚© <EOS>
<BOS> “–Y Δ“ΰ  ‚Ι‚¨‚Ά‚Δ A ‚Ζ ”„”ƒ _–ρ ‚π ’χ‹ ‚µ ‚½ ‘ξ’n •¨ ζψ ‹Ζ ‚Ε ‚Θ‚Ά ”ƒε A ‚Ν <UNK> ‘ξ’n •¨ ζψ ‹Ζ–@ ‘ζ <NUM> π ‚Μ <NUM> ‚Μ ‹K’θ ‚Ι‚ζ‚θ “–Y ”„”ƒ _–ρ ‚π ‰π ‚·‚ι ‚±‚Ζ ‚Ν ‚Ε‚« ‚Θ‚Ά <UNK> <EOS>,‘ξ’n •¨ ζψ ‹Ζ A <UNK> ‘“y π’Κ ‘εb –Ζ‹– <UNK> ‚ b §“ΰ ‚Ι‚¨‚Ά‚Δ <NUM> ‹ζ‰ζ ‚Μ κ’c ‚Μ ‘ξ’n ‚π •χ ‚·‚ι ‚½‚ί ‚Ι ƒeƒ“ƒg ’£‚θ ‚Μ Δ“ΰ  ‚π έ’u ‚µ <UNK> _–ρ ‚π ’χ‹ ‚·‚ι ‚±‚Ζ ‚Ζ ‚µ ‚½ κ‡ ‚ΙΦ‚·‚ι  ‚Μ ‹Lq ‚Μ ‚¤‚Ώ <UNK> ³‚µ‚Ά ‚ΰ‚Μ ‚Ν ‚Η‚κ ‚© <UNK> <EOS>,‘ξ’n •¨ ζψ ‹Ζ A <UNK> ‘“y π’Κ ‘εb –Ζ‹– <UNK> ‚ b §“ΰ ‚Ι‚¨‚Ά‚Δ <NUM> ‹ζ‰ζ ‚Μ κ’c ‚Μ ‘ξ’n ‚π •χ ‚µ ‚Δ ‚Ά‚ι κ‡ ‚ΙΦ‚·‚ι  ‚Μ ‹Lq ‚Μ ‚¤‚Ώ <UNK> ‘ξ’n •¨ ζψ ‹Ζ–@ ‚Μ ‹K’θ ‚Ι ‚ζ‚κ ‚Ξ <UNK> ³‚µ‚Ά ‚ΰ‚Μ ‚Ν ‚Η‚κ ‚© <UNK> <EOS>
<BOS> A ‚ <UNK> ‘ξ’n •¨ ζψ m Ψ ‚Μ —Lψ ϊΤ ‚Μ XV ‚π σ‚― ‚Θ‚©‚Α ‚½ ‚±‚Ζ ‚Ι‚ζ‚θ ‘ξ’n •¨ ζψ m Ψ ‚ ψ—Ν ‚π Έ‚Α ‚½ κ‡ <UNK> b §’m– ‚Ν <UNK> A ‚Μ “o^ ‚π Α  ‚µ ‚Θ‚―‚κ ‚Ξ ‚Θ‚η ‚Θ‚Ά <UNK> <EOS>,‘ξ’n •¨ ζψ m A ‚ <UNK> b §’m– ‚©‚η ‘ξ’n •¨ ζψ m Ψ ‚Μ π•t ‚π σ‚― ‚Δ ‚Ά‚ι κ‡ ‚ΙΦ‚·‚ι  ‚Μ ‹Lq ‚Μ ‚¤‚Ώ <UNK> ³‚µ‚Ά ‚ΰ‚Μ ‚Ν ‚Η‚κ ‚© <UNK> <EOS>,‘ξ’n •¨ ζψ m A ‚ b §’m– ‚©‚η ‘ξ’n •¨ ζψ m Ψ ‚Μ π•t ‚π σ‚― ‚Δ ‚Ά‚ι κ‡ ‚ΙΦ‚·‚ι  ‚Μ ‹Lq ‚Μ ‚¤‚Ώ <UNK> ³‚µ‚Ά ‚ΰ‚Μ ‚Ν ‚Η‚κ ‚© <UNK> <EOS>
<BOS> ”ν ‘‘± l A ‚Μ –… A ‚Μ‚έ ‚ –@’θ ‘‘± l ‚Ε ‚ ‚θ <UNK> A ‚ –@’θ ‘‘± l ‚Ε ‚Ν ‚Θ‚Ά A ‚Ι βY ‘S•” ‚π β‘΅ ‚µ ‚½ ‚Ζ‚« <UNK> A ‚Μ β—―• ‚Ν ‘‘± ΰY ‚Μ <NUM> •‚Μ A ‚Ε ‚ ‚ι <UNK> <EOS>,β—―• ‚ΙΦ‚·‚ι  ‚Μ ‹Lq ‚Μ ‚¤‚Ώ <UNK> –―–@ ‚Μ ‹K’θ ‹y‚Ρ ”»—α ‚Ι ‚ζ‚κ ‚Ξ <UNK> ³‚µ‚Ά ‚ΰ‚Μ ‚Ν ‚Η‚κ ‚© <UNK> <EOS>,β—―• ‚ΙΦ‚·‚ι  ‚Μ ‹Lq ‚Μ ‚¤‚Ώ <UNK> –―–@ ‚Μ ‹K’θ ‹y‚Ρ ”»—α ‚Ι ‚ζ‚κ ‚Ξ <UNK> ³‚µ‚Ά ‚ΰ‚Μ ‚Ν ‚Η‚κ ‚© <UNK> <EOS>
<BOS> –@ –”‚Ν ‹K–ρ ‚Ι‚ζ‚θ W‰ο ‚Ι‚¨‚Ά‚Δ ‹c ‚π ‚· ‚Χ‚« κ‡ ‚Ι‚¨‚Ά‚Δ ‚±‚κ ‚Ι ‘γ‚ν‚θ ‘–Κ ‚Ι‚ζ‚ι ‹c ‚π s‚¤ ‚±‚Ζ ‚Ι‚Β‚Ά‚Δ ‹ζ• —L  ‚ <NUM> l ‚Ε‚ΰ ”½‘Ξ ‚·‚ι ‚Ζ‚« ‚Ν ‘–Κ ‚Ι‚ζ‚ι ‹c ‚π ‚·‚ι ‚±‚Ζ ‚ ‚Ε‚« ‚Θ‚Ά <EOS>,•¨ ‚Μ ‹ζ• —L “™ ‚ΙΦ‚·‚ι –@—¥ Θ‰Ί ‚±‚Μ –β ‚Ι‚¨‚Ά‚Δ –@ ‚Ζ‚Ά‚¤ ‚Ι‚Β‚Ά‚Δ ‚Μ  ‚Μ ‹Lq ‚Μ ‚¤‚Ώ λ‚Α ‚Δ ‚Ά‚ι ‚ΰ‚Μ ‚Ν ‚Η‚κ ‚© <EOS>,•¨ ‚Μ ‹ζ• —L “™ ‚ΙΦ‚·‚ι –@—¥ ‚ΙΦ‚·‚ι  ‚Μ ‹Lq ‚Μ ‚¤‚Ώ λ‚Α ‚Δ ‚Ά‚ι ‚ΰ‚Μ ‚Ν ‚Η‚κ ‚© <EOS>
<BOS> A –Ό‹` ‚Μ —ΜϋΨ ‚π A ‚ Q ‚µ ‚½ ‚Μ‚Ε <UNK> A ‚ A ‚Ι •ΩΟ ‚µ ‚½ κ‡ ‚Ι‚¨‚Ά‚Δ <UNK> A ‚Ι σ—Μ  ΐ ‚ ‚Θ‚­ ‚Δ ‚ΰ <UNK> A ‚ ‘PΣ ‚©‚Β –³ ‰ίΈ ‚Ε <UNK> s‚Α ‚½ •ΩΟ ‚Ν <UNK> —Lψ ‚Ε ‚ ‚ι <UNK> <EOS>,A ‚ <UNK> A ‚Ι‘Ξ‚µ ‚Δ •‰‚Α ‚Δ ‚Ά‚ι <NUM> <NUM> ‰~ ‚Μ ‘γ‹ΰ Β–± ‚Μ •ΩΟ ‚ΙΦ‚·‚ι  ‚Μ ‹Lq ‚Μ ‚¤‚Ώ <UNK> –―–@ ‚Μ ‹K’θ ‹y‚Ρ ”»—α ‚Ι ‚ζ‚κ ‚Ξ <UNK> λ‚Α ‚Δ ‚Ά‚ι ‚ΰ‚Μ ‚Ν ‚Η‚κ ‚© <UNK> <EOS>,A ‚ A ‚Ι‘Ξ‚µ ‚Δ <NUM> •‰‚Α ‚Δ ‚Ά‚ι <NUM> <NUM> ‰~ ‚Μ ‘γ‹ΰ Β–± ‚Μ •ΩΟ ‚ΙΦ‚·‚ι  ‚Μ ‹Lq ‚Μ ‚¤‚Ώ <UNK> –―–@ ‚Μ ‹K’θ ‹y‚Ρ ”»—α ‚Ι ‚ζ‚κ ‚Ξ <UNK> ³‚µ‚Ά ‚ΰ‚Μ ‚Ν ‚Η‚κ ‚© <UNK> <EOS>
<BOS> ‚»‚Μ ‘΅—^ ‚ ‘–Κ ‚Ι ‚ζ‚η ‚Θ‚Ά ‚ΰ‚Μ ‚Ε ‚ ‚Α ‚½ κ‡ <UNK> A ‚Ν <UNK> “–Y “y’n ‚Μ ψ“n‚µ ‚π ‚·‚ι ‚ά‚Ε <UNK> ©Θ ‚Μ ΰY ‚Ι‘Ξ‚·‚ι ‚Μ ‚Ζ “―κ ‚Μ ’Σ ‚π ‚ΰ‚Α ‚Δ <UNK> “–Y “y’n ‚π •Ϋ‘¶ ‚µ ‚Θ‚―‚κ ‚Ξ ‚Θ‚η ‚Θ‚Ά <UNK> <EOS>,A ‚Μ A ‚Ι‘Ξ‚·‚ι “y’n ‚Μ ‘΅—^ <UNK> ‰½ ‚η ‚Μ •‰’S ‚ΰ ‚Θ‚Ά ‚ΰ‚Μ ‚Ζ ‚·‚ι <UNK> <UNK> ‚ΙΦ‚·‚ι  ‚Μ ‹Lq ‚Μ ‚¤‚Ώ <UNK> –―–@ ‚Μ ‹K’θ ‹y‚Ρ ”»—α ‚Ι ‚ζ‚κ ‚Ξ <UNK> ³‚µ‚Ά ‚ΰ‚Μ ‚Ν ‚Η‚κ ‚© <UNK> <EOS>,A ‚Μ A ‚Ι‘Ξ‚·‚ι “y’n ‚Μ ‘΅—^ <UNK> ‰½ ‚η ‚Μ •‰’S ‚ΰ ‚Θ‚Ά ‚ΰ‚Μ ‚Ζ ‚·‚ι <UNK> <UNK> ‚ΙΦ‚·‚ι  ‚Μ ‹Lq ‚Μ ‚¤‚Ώ <UNK> –―–@ ‚Μ ‹K’θ ‹y‚Ρ ”»—α ‚Ι ‚ζ‚κ ‚Ξ <UNK> ³‚µ‚Ά ‚ΰ‚Μ ‚Ν ‚Η‚κ ‚© <UNK> <EOS>
<BOS> “–Y ”}‰ξ _–ρ ‚Μ —Lψ ϊΤ ‚ –—Ή ‚µ ‚½ κ‡ ‚Ι‚¨‚Ά‚Δ <UNK> A ‚©‚η ‚Μ XV ‚Μ \o ‚ ‚ ‚κ ‚Ξ <UNK> A ‚Μ ³‘ψ ‚Μ —L–³ ‚Ι ‚©‚©‚ν‚η ‚Έ <UNK> ]‘O ‚Μ _–ρ ‚Ζ “―κ “ΰ—e ‚Ε ”}‰ξ _–ρ ‚Ν XV ‚³ ‚κ‚ι <UNK> <EOS>,‘ξ’n •¨ ζψ ‹Ζ A ‚ A ‚Μ —L ‚·‚ι ‘ξ’n ‚Μ ”„‹p ‚Μ Λ— ‚π σ‚― <UNK> A ‚Ζ κ‘® κ”C ”}‰ξ _–ρ ‚π ’χ‹ ‚µ ‚½ κ‡ ‚ΙΦ‚·‚ι  ‚Μ ‹Lq ‚Μ ‚¤‚Ώ <UNK> ‘ξ’n •¨ ζψ ‹Ζ–@ ‚Μ ‹K’θ ‚Ι ‚ζ‚κ ‚Ξ <UNK> ³‚µ‚Ά ‚ΰ‚Μ ‚Ν ‚Η‚κ ‚© <UNK> <EOS>,‘ξ’n •¨ ζψ ‹Ζ A ‚ A ‚Μ —L ‚·‚ι ‘ξ’n ‚Μ ”„‹p ‚Μ Λ— ‚π σ‚― <UNK> A ‚Ζ κ‘® κ”C ”}‰ξ _–ρ ‚π ’χ‹ ‚µ ‚½ κ‡ ‚ΙΦ‚·‚ι  ‚Μ ‹Lq ‚Μ ‚¤‚Ώ <UNK> ‘ξ’n •¨ ζψ ‹Ζ–@ ‚Μ ‹K’θ ‚Ι ‚ζ‚κ ‚Ξ <UNK> ³‚µ‚Ά ‚ΰ‚Μ ‚Ν ‚Η‚κ ‚© <UNK> <EOS>
<BOS> Β–± •s—s ‚π ——R ‚Ζ ‚·‚ι _–ρ ‚Μ ‰π ‚Ι ”Ί‚¤ ‘ΉQ ”… z ‚Μ ’θ‚ί ‚ ‚Θ‚Ά κ‡ ‘ΉQ ”… ‚Μ Ώ‹ z ‚Ν ”„”ƒ ‘γ‹ΰ ‚Μ z ‚Μ <NUM> „ ‚Ε ‚ ‚ι <NUM> <NUM> ‰~ ‚ γΐ ‚Ε ‚ ‚ι <EOS>,‘ξ’n •¨ ζψ ‹Ζ A ‚ ©‚η ”„ε ‚Ζ ‚Θ‚θ ‘ξ’n •¨ ζψ ‹Ζ ‚Ε ‚Θ‚Ά ”ƒε A ‚Ζ ‚Μ Τ ‚Ε ’†Γ Z‘ξ ‹y‚Ρ ‚»‚Μ •~’n ‚Ε ‚ ‚ι “y’n ‚π ‘γ‹ΰ <NUM> <NUM> ‰~ ‚¤‚Ώ θ•t ‹ΰ <NUM> <NUM> ‰~ ‚Ε ”„”ƒ _–ρ ‚π ’χ‹ ‚µ‚ζ ‚¤ ‚Ζ ‚·‚ι κ‡ ‚ΙΦ‚·‚ι  ‚Μ ‹Lq ‚Μ ‚¤‚Ώ ‘ξ’n •¨ ζψ ‹Ζ–@ ‹y‚Ρ –―–@ ‚Μ ‹K’θ ‚Ι ‚ζ‚κ ‚Ξ ³‚µ‚Ά ‚ΰ‚Μ ‚Ν ‚Η‚κ ‚© <EOS>,‘ξ’n •¨ ζψ ‹Ζ A ‚ ©‚η ”„ε ‚Ζ‚µ‚Δ ‘ξ’n •¨ ζψ ‹Ζ ‚Ε ‚Θ‚Ά A ‚Ζ ‚Μ Τ ‚Ε ’†Γ Z‘ξ ‚π <NUM> <NUM> ‰~ ‰~ ‚Μ ”„”ƒ _–ρ ‚π ’χ‹ ‚µ ‚½ κ‡ ‚Ι‚¨‚―‚ι  ‚Μ ‹Lq ‚Μ ‚¤‚Ώ ‘ξ’n •¨ ζψ ‹Ζ–@ ‚Μ ‹K’θ ‚Ι ‚ζ‚κ ‚Ξ λ‚Α ‚Δ ‚Ά‚ι ‚ΰ‚Μ ‚Ν ‚Η‚κ ‚© <EOS>
<BOS> A Τ ‚Ε “–Y ‘ξ’n ‚Ι‚Β‚Ά‚Δ ’β~ π •t ‚Ε ”„”ƒ _–ρ ‚π ’χ‹ ‚µ ‚Δ ‚Ά‚ι κ‡ <UNK> A ‚Ν <UNK> ‘ξ’n •¨ ζψ ‹Ζ ‚Ε ‚Θ‚Ά A ‚Ζ “–Y ‘ξ’n ‚Ι‚Β‚Ά‚Δ ”„”ƒ _–ρ ‚π ’χ‹ ‚·‚ι ‚±‚Ζ ‚ ‚Ε‚« ‚Θ‚Ά <UNK> <EOS>,‘ξ’n •¨ ζψ ‹Ζ A ‚ ©‚η ”„ε ‚Ζ ‚Θ‚Α ‚Δ A —L ‚Μ ‘ξ’n ‚Ι‚Β‚Ά‚Δ ”„”ƒ _–ρ ‚π ’χ‹ ‚·‚ι κ‡ ‚ΙΦ‚·‚ι  ‚Μ ‹Lq ‚Μ ‚¤‚Ώ <UNK> ‘ξ’n •¨ ζψ ‹Ζ–@ ‚Μ ‹K’θ ‚Ι ‚ζ‚κ ‚Ξ <UNK> λ‚Α ‚Δ ‚Ά‚ι ‚ΰ‚Μ ‚Ν ‚Η‚κ ‚© <UNK> <EOS>,‘ξ’n •¨ ζψ ‹Ζ A ‚ ©‚η ”„ε ‚Ζ ‚Θ‚Α ‚Δ <UNK> A —L ‚Μ “y’n •t •¨ ‚Μ ”„”ƒ _–ρ ‚π ’χ‹ ‚µ ‚½ κ‡ ‚ΙΦ‚·‚ι  ‚Μ ‹Lq ‚Μ ‚¤‚Ώ <UNK> ‘ξ’n •¨ ζψ ‹Ζ–@ ‚Μ ‹K’θ ‚Ι ‚ζ‚κ ‚Ξ <UNK> λ‚Α ‚Δ ‚Ά‚ι ‚ΰ‚Μ ‚Ν ‚Η‚κ ‚© <UNK> <EOS>
<BOS> A <UNK> A ‹y‚Ρ A ‚Ν <UNK> <NUM> ”N ‚π ’΄‚¦ ‚Θ‚Ά ϊΤ “ΰ ‚Ε ‚ ‚κ ‚Ξ b “y’n ‚Μ •„ ‚π ‚µ ‚Θ‚Ά | ‚Μ _–ρ ‚π ‚·‚ι ‚±‚Ζ ‚ ‚Ε‚«‚ι ‚ <UNK> “–Y _–ρ ‚π XV ‚·‚ι ‚±‚Ζ ‚Ν ‚Ε‚« ‚Θ‚Ά <UNK> <EOS>,A <UNK> A ‹y‚Ρ A ‚ <UNK> • ‚π e <NUM> •‚Μ A ‚Ζ ‚µ ‚Δ b “y’n ‚π ‹¤—L ‚µ ‚Δ ‚Ά‚ι κ‡ ‚ΙΦ‚·‚ι  ‚Μ ‹Lq ‚Μ ‚¤‚Ώ <UNK> –―–@ ‚Μ ‹K’θ ‹y‚Ρ ”»—α ‚Ι ‚ζ‚κ ‚Ξ <UNK> ³‚µ‚Ά ‚ΰ‚Μ ‚Ν ‚Η‚κ ‚© <UNK> <EOS>,A <UNK> A ‹y‚Ρ A ‚ <UNK> • ‚π e <NUM> •‚Μ A ‚Ζ ‚µ ‚Δ b “y’n ‚π ‹¤—L ‚µ ‚Δ ‚Ά‚ι κ‡ ‚ΙΦ‚·‚ι  ‚Μ ‹Lq ‚Μ ‚¤‚Ώ <UNK> –―–@ ‚Μ ‹K’θ ‹y‚Ρ ”»—α ‚Ι ‚ζ‚κ ‚Ξ <UNK> ³‚µ‚Ά ‚ΰ‚Μ ‚Ν ‚Η‚κ ‚© <UNK> <EOS>
<BOS> ©‘R ’η–h ‚Ι Ν‚ά ‚κ ‚½ γ”w ’α’n ‚Ν <UNK> ’n”Υ ‚ “ξγ ‚Ε ’nk ‚Ι γ‚­ <UNK> ‚ά‚½ <UNK> W’† ‹‰J “™ ‚Ι‚ζ‚θ “y’n ‚ ¥… ‚·‚ι ‚±‚Ζ ‚ ‘½‚­ <UNK> ‘ξ’n ‚Ι “K‚³ ‚Θ‚Ά “y’n ‚Ε ‚ ‚ι <UNK> <EOS>,“y’n ‚ΙΦ‚·‚ι  ‚Μ ‹Lq ‚Μ ‚¤‚Ώ <UNK> λ‚Α ‚Δ ‚Ά‚ι ‚ΰ‚Μ ‚Ν ‚Η‚κ ‚© <UNK> <EOS>,“y’n ‚ΙΦ‚·‚ι  ‚Μ ‹Lq ‚Μ ‚¤‚Ώ <UNK> λ‚Α ‚Δ ‚Ά‚ι ‚ΰ‚Μ ‚Ν ‚Η‚κ ‚© <UNK> <EOS>
<BOS> ”ν ‘‘± l A ‚Μ ¶‘O ‚Ι <UNK> A ‚Μ q A ‚ ‰Ζ’λ Ω”» ‚Μ ‹–‰Β ‚π σ‚― ‚Δ β—―• ‚π •ϊό ‚µ ‚Δ ‚Ά ‚½ κ‡ <UNK> A ‚Ν <UNK> ‘‘± l ‚Ι ‚Θ‚η ‚Θ‚Ά <UNK> <EOS>,‘‘± ‚ΙΦ‚·‚ι  ‚Μ ‹Lq ‚Μ ‚¤‚Ώ <UNK> –―–@ ‚Μ ‹K’θ ‹y‚Ρ ”»—α ‚Ι ‚ζ‚κ ‚Ξ <UNK> ³‚µ‚Ά ‚ΰ‚Μ ‚Ν ‚Η‚κ ‚© <UNK> <EOS>,β—―• ‚ΙΦ‚·‚ι  ‚Μ ‹Lq ‚Μ ‚¤‚Ώ <UNK> –―–@ ‚Μ ‹K’θ ‹y‚Ρ ”»—α ‚Ι ‚ζ‚κ ‚Ξ <UNK> ³‚µ‚Ά ‚ΰ‚Μ ‚Ν ‚Η‚κ ‚© <UNK> <EOS>
<BOS> <NUM> K ‚Δ ‚Μ ‹¤“― Z‘ξ ‚Μ eK ‚Μ ƒoƒ‹ƒRƒj[ ‚Ι ‚Ν ΐ‘S γ •K—v ‚Θ ‚ ‚³ ‚ <NUM> ‚ Θγ ‚Μ θ‚·‚θ •Η ‚³‚­ –”‚Ν ‹ΰ–Τ ‚π έ‚― ‚Θ‚―‚κ ‚Ξ ‚Θ‚η ‚Θ‚Ά <EOS>,’z ξ€ –@ ‚ΙΦ‚·‚ι  ‚Μ ‹Lq ‚Μ ‚¤‚Ώ λ‚Α ‚Δ ‚Ά‚ι ‚ΰ‚Μ ‚Ν ‚Ά‚­‚Β ‚ ‚ι ‚© <EOS>,’z ξ€ –@ ‚ΙΦ‚·‚ι  ‚Μ ‹Lq ‚Μ ‚¤‚Ώ λ‚Α ‚Δ ‚Ά‚ι ‚ΰ‚Μ ‚Ν ‚Η‚κ ‚© <EOS>
<BOS> yΈ ‘[’u ‚Ι W‚ι “o^ –Ζ‹– Ε ‚Μ ‰ΫΕ •W€ ‚Ζ ‚Θ‚ι •s“®Y ‚Μ ‰Ώz ‚Ν ”„”ƒ _–ρ ‘ ‚Ι ‹LΪ ‚³ ‚κ ‚½ Z‘ξ —p ‰Ζ‰® ‚Μ ΐΫ ‚Μ ζψ ‰Ώi ‚Ε ‚ ‚ι <EOS>,Z‘ξ —p ‰Ζ‰® ‚Μ —L   ‚Μ Ϊ“] “o‹L ‚Ι W‚ι “o^ –Ζ‹– Ε ‚Μ Ε—¦ ‚Μ yΈ ‘[’u Θ‰Ί ‚±‚Μ –β ‚Ι‚¨‚Ά‚Δ yΈ ‘[’u ‚Ζ‚Ά‚¤ ‚ΙΦ‚·‚ι  ‚Μ ‹Lq ‚Μ ‚¤‚Ώ ³‚µ‚Ά ‚ΰ‚Μ ‚Ν ‚Η‚κ ‚© <EOS>,Z‘ξ —p ‰Ζ‰® ‚Μ —L   ‚Μ Ϊ“] ‚Μ “o‹L ‚Ι W‚ι “o^ –Ζ‹– Ε ‚Μ Ε—¦ ‚Μ yΈ ‘[’u ‚Μ “K—p ‚ΙΦ‚·‚ι  ‚Μ ‹Lq ‚Μ ‚¤‚Ώ ³‚µ‚Ά ‚ΰ‚Μ ‚Ν ‚Η‚κ ‚© <EOS>
<BOS> A ‚ A ‚Ι‘Ξ‚µ‚Δ Β  ‘Sz ‚Ι‚Β‚« •ΫΨ Β–± ‚π —s ‚µ ‚½ κ‡ A ‚Μ •¨γ •ΫΨ ‚Μ ’S•Ϋ •¨ ‚Μ ‰Ώz ‘“– z ‚Ι‚Β‚« A ‚Ι‘Ξ‚·‚ι ‹   ‚π ζ“Ύ ‚·‚ι <EOS>,A ‹βs ‚Μ A Π ‚Ι‘Ξ‚·‚ι ‘έ•t Β  ‚Ι‚Β‚« A ‚Ν A Π ‚Μ Ο‘υ ‚π σ‚― ‚»‚Μ ‘Sz ‚Ι‚Β‚« A‘Ρ •ΫΨ ‚·‚ι ‚Ζ‚Ζ‚ΰ‚Ι •¨γ •ΫΨ l ‚Ζ‚µ‚Δ ©Θ ‚Μ —L ‚·‚ι “y’n ‚Ι ’S•Ϋ έ’θ ‚µ ‚Δ ‚Ά‚ι A ‚ΰ A Π ‚Μ Ο‘υ ‚π σ‚― ‘Sz ‚Ι‚Β‚« A‘Ρ •ΫΨ ‚µ ‚Δ ‚Ά‚ι •ΫΨ l e© ‚Μ •‰’S •”• ‚Ν •½“™ ‚Ε ‚ ‚ι A ‹βs ‚Ζ A ‹y‚Ρ A ‚Ζ ‚Μ Τ ‚Ι ‚»‚Μ‘Ό “Α’i ‚Μ –ρ’θ ‚Ν ‚Θ‚Ά ‚±‚Μ κ‡ ‚ΙΦ‚·‚ι  ‚Μ ‹Lq ‚Μ ‚¤‚Ώ –―–@ ‚Μ ‹K’θ ‹y‚Ρ ”»—α ‚Ι ‚ζ‚κ ‚Ξ λ‚Α ‚Δ ‚Ά‚ι ‚ΰ‚Μ ‚Ν ‚Η‚κ ‚© <EOS>,A ‚Ν A ‚Ι‘Ξ‚µ b •¨ ‚π  <NUM> <NUM> ‰~ ‚Ε ’ΐ‘έ‚µ A ‚Ν A ‚Μ ³‘ψ ‚π “Ύ ‚½ ‚¤‚¦ ‚Ε b •¨ ‚Μ κ•” ‚π A ‚Ι‘Ξ‚µ  <NUM> <NUM> ‰~ ‚Ε ’ΐ‘έ‚µ ‚µ ‚Δ ‚Ά‚ι ‚±‚Μ κ‡ –―–@ ‹y‚Ρ Ψ’n Ψ‰Ζ –@ ‚Μ ‹K’θ •ΐ‚Ρ‚Ι ”»—α ‚Ι ‚ζ‚κ ‚Ξ λ‚Α ‚Δ ‚Ά‚ι ‚ΰ‚Μ ‚Ν ‚Η‚κ ‚© <EOS>
<BOS> “™‚ό ‚ R’Έ ‚Ι ό ‚©‚Β‚Δ ‚‚Ά •ϋ ‚Ι Κ ‚π •`‚Ά ‚Δ ‚Ά‚ι •”• ‚Ν ”φ ‚Ε <UNK> R’Έ ‚©‚η © ‚Δ “™‚ό ‚ ’£‚θo‚µ ‚Δ ‚Ά‚ι •”• ‚Ν ’J ‚Ε ‚ ‚ι <UNK> <EOS>,“y’n ‚ΙΦ‚·‚ι  ‚Μ ‹Lq ‚Μ ‚¤‚Ώ <UNK> ³‚µ‚Ά ‚ΰ‚Μ ‚Ν ‚Η‚κ ‚© <UNK> <EOS>,“y’n ‚ΙΦ‚·‚ι  ‚Μ ‹Lq ‚Μ ‚¤‚Ώ <UNK> λ‚Α ‚Δ ‚Ά‚ι ‚ΰ‚Μ ‚Ν ‚Η‚κ ‚© <UNK> <EOS>
<BOS> •\‘θ •” ‚Ι —L  ‚Ζ‚µ‚Δ ‹L^ ‚³ ‚κ ‚Δ ‚Ά‚ι  ‚Μ ‘‘± l ‚Ν —L   ‚Μ •Ϋ‘¶ ‚Μ “o‹L ‚π \Ώ ‚·‚ι ‚±‚Ζ ‚ ‚Ε‚«‚ι <EOS>,•s“®Y “o‹L ‚Μ \Ώ ‚ΙΦ‚·‚ι  ‚Μ ‹Lq ‚Μ ‚¤‚Ώ λ‚Α ‚Δ ‚Ά‚ι ‚ΰ‚Μ ‚Ν ‚Η‚κ ‚© <EOS>,A ‚Μ A ‚Ι‘Ξ‚·‚ι •¨ ‚Μ ‹¤—L ‚ΙΦ‚·‚ι  ‚Μ ‹Lq ‚Μ ‚¤‚Ώ λ‚Α ‚Δ ‚Ά‚ι ‚ΰ‚Μ ‚Ν ‚Η‚κ ‚© <EOS>
<BOS> ’n‚·‚Χ‚θ ’n ‚Μ ‘½‚­ ‚Ν ’n‚·‚Χ‚θ ’n` ‚Ζ Δ‚Ξ ‚κ‚ι “Ζ“Α ‚Μ ’n` ‚π ’ζ‚µ ’I“c ‚Θ‚Η ‚Μ …“c ‚Ζ‚µ‚Δ ——p ‚³ ‚κ‚ι ‚±‚Ζ ‚ ‚ ‚ι <EOS>,“y’n ‚ΙΦ‚·‚ι  ‚Μ ‹Lq ‚Μ ‚¤‚Ώ •s “K“– ‚Θ ‚ΰ‚Μ ‚Ν ‚Η‚κ ‚© <EOS>,“y’n ‚ΙΦ‚·‚ι  ‚Μ ‹Lq ‚Μ ‚¤‚Ώ λ‚Α ‚Δ ‚Ά‚ι ‚ΰ‚Μ ‚Ν ‚Η‚κ ‚© <EOS>
<BOS> “yΞ—¬ ‚Ν —¬ζ “ΰ ‚Ε ‹‰J ‚Ι ”Ί‚¤ Ξ–Κ •φ‰σ ‚Μ λ― « ‚ ‘ε‚«‚Ά κ ‚Ι ‹N‚±‚θ ‚β‚·‚Ά <EOS>,“y’n ‚ΙΦ‚·‚ι  ‚Μ ‹Lq ‚Μ ‚¤‚Ώ •s “K“– ‚Θ ‚ΰ‚Μ ‚Ν ‚Η‚κ ‚© <EOS>,“y’n ‚ΙΦ‚·‚ι  ‚Μ ‹Lq ‚Μ ‚¤‚Ώ Ε‚ΰ •s “K“– ‚Θ ‚ΰ‚Μ ‚Ν ‚Η‚κ ‚© <EOS>
<BOS> “y’n Σ’θ Ου ‰ο ‚Ν •W€ ’n ‚Μ ‰Ώi ‚Μ ‘z ‚π ―•ρ ‚Ε φ¦ ‚·‚ι •K—v ‚Ν ‚Θ‚Ά <EOS>,’n‰Ώ φ¦ –@ ‚ΙΦ‚·‚ι  ‚Μ ‹Lq ‚Μ ‚¤‚Ώ ³‚µ‚Ά ‚ΰ‚Μ ‚Ν ‚Η‚κ ‚© <EOS>,’n‰Ώ φ¦ –@ ‚ΙΦ‚·‚ι  ‚Μ ‹Lq ‚Μ ‚¤‚Ώ ³‚µ‚Ά ‚ΰ‚Μ ‚Ν ‚Η‚κ ‚© <EOS>
<BOS> “–Y <NUM> “ ‚Μ •¨ ‚Μ •~’n ‚Μ κ•” ‚π <UNK> ’“Τ κ ‚Ζ ‚µ ‚Δ <UNK> “Α’θ ‚Μ  ‚Ι ‚Μ‚έ g—p ‚π ‹–‚· | ‚Μ ‹K–ρ ‚Μ ’θ‚ί ‚ ‚ ‚ι ‚½‚ί <UNK> ‚»‚Μ “ΰ—e ‚π ΰ–Ύ ‚·‚ι κ‡ ‚Ι ‚Ν <UNK> “–Y ’“Τ κ ‚π g—p ‚µ “Ύ‚ι  ‚Μ ”ΝΝ <UNK> g—p —Ώ ‚Μ —L–³ ‚π d—v –€ ΰ–Ύ ‘ ‚Ι ‹LΪ ‚·‚ι •K—v ‚ ‚ ‚ι ‚ <UNK> g—p —Ώ ‚π ’¥ϋ ‚µ ‚Δ ‚Ά‚ι ‚Ζ‚« ‚Ε‚ΰ <UNK> ‚»‚Μ ‹A‘® ζ ‚π d—v –€ ΰ–Ύ ‘ ‚Ι ‹LΪ ‚·‚ι •K—v ‚Ν ‚Θ‚Ά <UNK> <EOS>,‘ξ’n •¨ ζψ ‹Ζ ‚ ƒ}ƒ“ƒVƒ‡ƒ“ ‚Μ κΊ ‚Μ ”„”ƒ ‚Μ ”}‰ξ ‚π s‚¤ κ‡ ‚Ι‚¨‚―‚ι <UNK> ‘ξ’n •¨ ζψ ‹Ζ–@ ‘ζ <NUM> π ‚Ι ‹K’θ ‚·‚ι d—v –€ ‚Μ ΰ–Ύ ‚ΙΦ‚·‚ι  ‚Μ ‹Lq ‚Μ ‚¤‚Ώ <UNK> Ε‚ΰ “KΨ ‚Θ ‚ΰ‚Μ ‚Ν ‚Η‚κ ‚© <UNK> <EOS>,‘ξ’n •¨ ζψ ‹Ζ ‚ ƒ}ƒ“ƒVƒ‡ƒ“ ‚Μ •χ ‚ΙΫ‚µ‚Δ s‚¤ ‘ξ’n •¨ ζψ ‹Ζ–@ ‘ζ <NUM> π ‚Ι ‹K’θ ‚·‚ι d—v –€ ‚Μ ΰ–Ύ ‚ΙΦ‚·‚ι  ‚Μ ‹Lq ‚Μ ‚¤‚Ώ ³‚µ‚Ά ‚ΰ‚Μ ‚Ν ‚Η‚κ ‚© <EOS>
<BOS> “―κ ‚Μ –‹Ζ ‚Μ –Ϊ“I ‚Ι ‹‚·‚ι ‚½‚ί <UNK> ”_’n –”‚Ν Μ‘ •ϊ–q ’n ‚Ι‚Β‚Ά‚Δ “]—p –Ϊ“I ‚Ε —L   ‚π ζ“Ύ ‚µ‚ε ‚¤ ‚Ζ ‚·‚ι  ‚ <UNK> sX‰»‹ζζ “ΰ ‚Ι έ ‚·‚ι <NUM> ƒwƒNƒ^[ƒ‹ ‚π ’΄‚¦‚ι ”_’n –”‚Ν ‚»‚Μ ”_’n ‚Ζ ‡‚ν‚Ή ‚Δ Μ‘ •ϊ–q ’n ‚Ι‚Β‚Ά‚Δ —L   ‚π ζ“Ύ ‚·‚ι κ‡ ‚Ι ‚Ν <UNK> ”_—Ρ …Y ‘εb ‚Μ ‹–‰Β ‚π σ‚― ‚Θ‚―‚κ ‚Ξ ‚Θ‚η ‚Θ‚Ά <UNK> <EOS>,”_’n –@ ‚ΙΦ‚·‚ι  ‚Μ ‹Lq ‚Μ ‚¤‚Ώ <UNK> λ‚Α ‚Δ ‚Ά‚ι ‚ΰ‚Μ ‚Ν ‚Η‚κ ‚© <UNK> <EOS>,”_’n –@ ‚ΙΦ‚·‚ι  ‚Μ ‹Lq ‚Μ ‚¤‚Ώ <UNK> λ‚Α ‚Δ ‚Ά‚ι ‚ΰ‚Μ ‚Ν ‚Η‚κ ‚© <UNK> <EOS>
<BOS> •¨ ‚Μ ”„”ƒ ‚Μ ”}‰ξ ‚π s‚¤ κ‡ “–Y •¨ ‚ ’nζ ‚Ι‚¨‚―‚ι —πj “I •—’v ‚Μ Ϋ ‹y‚Ρ όγ ‚ΙΦ‚·‚ι –@—¥ ‘ζ <NUM> π ‘ζ <NUM> € ‚Μ ‹K’θ ‚Ι ξ‚Γ‚­ —πj “I •—’v `¬ ‘Ά •¨ ‚Ε ‚ ‚ι ‚Ζ‚« ‚Ν A ‚Ν ‚»‚Μ ‘’z ‚ΙΫ‚µ s’¬‘Ί ’· ‚Φ ‚Μ “Νo ‚ •K—v ‚Ε ‚ ‚ι | ‚π ΰ–Ύ ‚µ ‚Θ‚―‚κ ‚Ξ ‚Θ‚η ‚Θ‚Ά <EOS>,‘ξ’n •¨ ζψ ‹Ζ A ‚ s‚¤ ‘ξ’n •¨ ζψ ‹Ζ–@ ‘ζ <NUM> π ‚Ι ‹K’θ ‚·‚ι d—v –€ ‚Μ ΰ–Ύ ‚ΙΦ‚·‚ι  ‚Μ ‹Lq ‚Μ ‚¤‚Ώ λ‚Α ‚Δ ‚Ά‚ι ‚ΰ‚Μ ‚Ν ‚Η‚κ ‚© <EOS>,‘ξ’n •¨ ζψ ‹Ζ ‚ s‚¤ ‘ξ’n •¨ ζψ ‹Ζ–@ ‘ζ <NUM> π ‚Ι ‹K’θ ‚·‚ι d—v –€ ‚Μ ΰ–Ύ ‚ΙΦ‚·‚ι  ‚Μ ‹Lq ‚Μ ‚¤‚Ώ ³‚µ‚Ά ‚ΰ‚Μ ‚Ν ‚Η‚κ ‚© <EOS>
<BOS> ”ν ‘‘± l ‚Μ ‘S ΰY ‚ ‘‘± l ‚Μ κ•” ‚Μ  ‚Ι β‘΅ ‚³ ‚κ ‚½ κ‡ <UNK> β—―• ΈE Ώ‹   ‚π —L‚·‚ι ‘‘± l ‚ <UNK> β‘΅ ‚Μ ψ—Ν ‚π ‘‚¤ ‚±‚Ζ ‚Θ‚­ <UNK> βY •„ ‹¦‹c ‚Μ \“ό‚κ ‚π ‚µ ‚½ ‚Ζ‚« ‚Ν <UNK> “Α’i ‚Μ –ξ ‚Μ ‚Θ‚Ά ΐ‚θ <UNK> β—―• ΈE ‚Μ Σv •\¦ ‚π ‚µ ‚½ ‚±‚Ζ ‚Ι ‚Θ‚ι <UNK> <EOS>,βΎ ‹y‚Ρ β—―• ‚ΙΦ‚·‚ι  ‚Μ ‹Lq ‚Μ ‚¤‚Ώ <UNK> –―–@ ‚Μ ‹K’θ ‹y‚Ρ ”»—α ‚Ι ‚ζ‚κ ‚Ξ <UNK> ³‚µ‚Ά ‚ΰ‚Μ ‚Ν ‚Ά‚­‚Β ‚ ‚ι ‚© <UNK> <EOS>,‘‘± ‚ΙΦ‚·‚ι  ‚Μ ‹Lq ‚Μ ‚¤‚Ώ <UNK> –―–@ ‚Μ ‹K’θ ‹y‚Ρ ”»—α ‚Ι ‚ζ‚κ ‚Ξ <UNK> λ‚Α ‚Δ ‚Ά‚ι ‚ΰ‚Μ ‚Ν ‚Η‚κ ‚© <UNK> <EOS>
<BOS> κ”C ”}‰ξ _–ρ ‚Μ —Lψ ϊΤ ‚Ν <NUM>  ‚π ’΄‚¦‚ι ‚±‚Ζ ‚ ‚Ε‚« ‚Έ <NUM>  ‚ζ‚θ ’·‚Ά ϊΤ ‚π ’θ‚ί ‚½ ‚Ζ‚« ‚Ν ‚»‚Μ ϊΤ ‚Ν <NUM>  ‚Ζ ‚³ ‚κ‚ι ‚ “–Y —Lψ ϊΤ ‚Ν Λ—  ‚Μ \o ‚ ‚ ‚κ ‚Ξ XV ‚Μ  ‚©‚η <NUM>  ‚π ’΄‚¦ ‚Θ‚Ά ”ΝΝ ‚Ε XV ‚µ ‚Δ ‚ΰ ‚ζ‚Ά <EOS>,‘ξ’n •¨ ζψ ‹Ζ A ‚ s‚¤ ‘ξ’n –”‚Ν •¨ ‚Μ ”„”ƒ –”‚Ν π· ‚Μ ”}‰ξ ‚Μ _–ρ Θ‰Ί ‚±‚Μ –β ‚Ι‚¨‚Ά‚Δ ”}‰ξ _–ρ ‚Ζ‚Ά‚¤ ‚ΙΦ‚·‚ι  ‚Μ ‹Lq ‚Μ ‚¤‚Ώ ‘ξ’n •¨ ζψ ‹Ζ–@ Θ‰Ί ‚±‚Μ –β ‚Ι‚¨‚Ά‚Δ –@ ‚Ζ‚Ά‚¤ ‚Μ ‹K’θ ‚Ι ‚ζ‚κ ‚Ξ ³‚µ‚Ά ‚ΰ‚Μ ‚Ν ‚Η‚κ ‚© <EOS>,‘ξ’n •¨ ζψ ‹Ζ A ‚ ‘ξ’n •¨ ζψ ‹Ζ A ‚ ‘ξ’n ‚Μ •χ ‚ΙΫ‚µ‚Δ s‚¤ ‘ξ’n •¨ ζψ ‹Ζ–@ ‘ζ <NUM> π ‚Μ ‹K’θ ‚Ι ξ‚Γ‚­ d—v ‚Μ ‚ΰ‚Μ ‚Ν ‚Η‚κ ‚© <EOS>
<BOS> •~’n ——p   ‚ ” l ‚Ε —L‚·‚ι —L   ‚»‚Μ‘Ό ‚Μ  — ‚Ε ‚ ‚ι κ‡ ‚Ι ‚Ν <UNK> ‹ζ• —L  ‚Ν <UNK> ‹K–ρ ‚Ε •Κ’i ‚Μ ’θ‚ί ‚ ‚ ‚ι ‚Ζ‚« ‚π ‚« <UNK> ‚»‚Μ —L‚·‚ι κ—L •”• ‚Ζ ‚»‚Μ κ—L •”• ‚Ι W‚ι •~’n ——p   ‚Ζ ‚π •—£ ‚µ ‚Δ • ‚·‚ι ‚±‚Ζ ‚ ‚Ε‚«‚ι <UNK> <EOS>,•¨ ‚Μ ‹ζ• —L “™ ‚ΙΦ‚·‚ι –@—¥ ‚ΙΦ‚·‚ι  ‚Μ ‹Lq ‚Μ ‚¤‚Ώ <UNK> λ‚Α ‚Δ ‚Ά‚ι ‚ΰ‚Μ ‚Ν ‚Η‚κ ‚© <UNK> <EOS>,•¨ ‚Μ ‹ζ• —L “™ ‚ΙΦ‚·‚ι –@—¥ ‚ΙΦ‚·‚ι  ‚Μ ‹Lq ‚Μ ‚¤‚Ώ <UNK> λ‚Α ‚Δ ‚Ά‚ι ‚ΰ‚Μ ‚Ν ‚Η‚κ ‚© <UNK> <EOS>
<BOS> ”„”ƒ _–ρ ‚Ι ξ‚Γ‚­ —L   ‚Μ Ϊ“] ‚Μ “o‹L ‚Μ \Ώ ‚π ‚·‚ι κ‡ ‚Ι <UNK> “–Y ”„ε ‚Ι “o‹L θ‘± ‚π ‚· ‚Χ‚« ‚±‚Ζ ‚π –½‚Έ‚ι m’θ ”» ‚ ‚ ‚Α ‚½ κ‡ ‚Ι ‚Ν <UNK> “–Y ”ƒε ‚Ν <UNK> ’P“Ζ ‚Ε <UNK> “–Y m’θ ”» ‚Ι ξ‚Γ‚­ “o‹L ‚Μ \Ώ ‚π ‚·‚ι ‚±‚Ζ ‚ ‚Ε‚«‚ι <UNK> <EOS>,•s“®Y ‚Μ “o‹L ‚ΙΦ‚·‚ι  ‚Μ ‹Lq ‚Μ ‚¤‚Ώ <UNK> •s“®Y “o‹L –@ ‚Μ ‹K’θ ‚Ι ‚ζ‚κ ‚Ξ <UNK> λ‚Α ‚Δ ‚Ά‚ι ‚ΰ‚Μ ‚Ν ‚Η‚κ ‚© <UNK> <EOS>,•s“®Y ‚Μ “o‹L ‚ΙΦ‚·‚ι  ‚Μ ‹Lq ‚Μ ‚¤‚Ώ <UNK> •s“®Y “o‹L –@ ‚Μ ‹K’θ ‚Ι ‚ζ‚κ ‚Ξ <UNK> λ‚Α ‚Δ ‚Ά‚ι ‚ΰ‚Μ ‚Ν ‚Η‚κ ‚© <UNK> <EOS>
<BOS> ’ΐΨ ’n ‚Ε ‚ ‚ι ©“®Τ ‹³K κ ‚Μ κ•” ‚Ι •¨ ‚ ‘¶έ ‚·‚ι κ‡ ‚ΰ <UNK> ‹³K ƒR[ƒX ‚Ζ ‚µ ‚Δ ‚Μ “y’n ‚Ζ •¨ ‚ κ‘Μ ‚Ζ ‚Θ‚Α ‚Δ ©“®Τ wZ o‰c ‚Μ –Ϊ“I ‚π ’B‚µ “Ύ‚ι ‚ΰ‚Μ ‚Ε ‚ ‚ι ‚Ζ‚« ‚Ν <UNK> “y’n ‘S‘Μ ‚Ι‚Β‚Ά‚Δ Ψ’n Ψ‰Ζ –@ ‚Μ “K—p ‚ ‚ ‚ι <UNK> <EOS>,»s ‚Μ Ψ’n Ψ‰Ζ –@ ‚Μ {s γ ‚Ι έ’θ ‚³ ‚κ ‚½ Ψ’n   ‚ΙΦ‚·‚ι  ‚Μ ‹Lq ‚Μ ‚¤‚Ώ <UNK> Ψ’n Ψ‰Ζ –@ ‚Μ ‹K’θ ‹y‚Ρ ”»—α ‚Ι ‚ζ‚κ ‚Ξ <UNK> λ‚Α ‚Δ ‚Ά‚ι ‚ΰ‚Μ ‚Ν ‚Η‚κ ‚© <UNK> <EOS>,“y’n ‚Μ ‘΅—^ ‚ΙΦ‚·‚ι  ‚Μ ‹Lq ‚Μ ‚¤‚Ώ <UNK> ³‚µ‚Ά ‚ΰ‚Μ ‚Ν ‚Η‚κ ‚© <UNK> <EOS>
<BOS> ‚»‚Μ “y’n ‚Ι A ‚Μ ’ο“–   ‚ έ’θ ‚³ ‚κ ‚Δ ‚¨‚θ <UNK> A ‚Μ ’ο“–   ‚Μ ΐs ‚Ι‚ζ‚θ A ‚ ‚»‚Μ —L   ‚π Έ‚Α ‚½ ‚Ζ‚« ‚Ν <UNK> A ‚Ν <UNK> ’ο“–   ΐs ‚Μ  ‚©‚η <NUM> ”N Θ“ΰ ‚Ι ΐ‚θ <UNK> A ‚Ι‘Ξ‚µ <UNK> ‘ΉQ ”… ‚π Ώ‹ ‚·‚ι ‚±‚Ζ ‚ ‚Ε‚«‚ι <UNK> <EOS>,“y’n ‚Ι‚Β‚Ά‚Δ <UNK> A ‚π ”„ε <UNK> A ‚π ”ƒε ‚Ζ ‚·‚ι ”„”ƒ _–ρ ‚ ¬—§ ‚µ ‚½ κ‡ ‚ΙΦ‚·‚ι  ‚Μ ‹Lq ‚Μ ‚¤‚Ώ <UNK> –―–@ ‚Μ ‹K’θ ‹y‚Ρ ”»—α ‚Ι ‚ζ‚κ ‚Ξ <UNK> ³‚µ‚Ά ‚ΰ‚Μ ‚Ν ‚Η‚κ ‚© <UNK> <EOS>,A ‚ <UNK> A ‚Μ “y’n ‚Ι‚Β‚Ά‚Δ ’n–π   ‚π έ’θ ‚µ‚ζ ‚¤ ‚Ζ ‚µ <UNK> –”‚Ν ‚µ ‚½ κ‡ ‚ΙΦ‚·‚ι  ‚Μ ‹Lq ‚Μ ‚¤‚Ώ <UNK> –―–@ ‚Μ ‹K’θ ‚Ι ‚ζ‚κ ‚Ξ <UNK> ³‚µ‚Ά ‚ΰ‚Μ ‚Ν ‚Η‚κ ‚© <UNK> <EOS>
<BOS> A ‚Ν A ‚Ζ ‚Μ Τ ‚Ε —Lψ ϊΤ ‚π <NUM> ‚© ‚Ζ ‚·‚ι κ”C ”}‰ξ _–ρ ‚π ’χ‹ ‚·‚ι Ϋ A ‚ ”}‰ξ _–ρ ‚π XV ‚·‚ι | ‚π \‚µo ‚Θ‚Ά κ‡ ‚Ν —Lψ ϊΤ –—Ή ‚Ι‚ζ‚θ ©“® XV ‚·‚ι ‚ΰ‚Μ ‚Ζ ‚·‚ι | ‚Μ “Α–ρ ‚π ’θ‚ί‚ι ‚±‚Ζ ‚ ‚Ε‚«‚ι <EOS>,‘ξ’n •¨ ζψ ‹Ζ A ‚Ν A ‚©‚η A —L ‚Μ ‘ξ’n ‚Μ ”„‹p ‚Ι‚Β‚Ά‚Δ ”}‰ξ ‚Μ Λ— ‚π σ‚― ‚½ ‚±‚Μ κ‡ ‚Ι‚¨‚―‚ι  ‚Μ ‹Lq ‚Μ ‚¤‚Ώ ‘ξ’n •¨ ζψ ‹Ζ–@ Θ‰Ί ‚±‚Μ –β ‚Ι‚¨‚Ά‚Δ –@ ‚Ζ‚Ά‚¤ ‚Μ ‹K’θ ‚Ι ‚ζ‚κ ‚Ξ λ‚Α ‚Δ ‚Ά‚ι ‚ΰ‚Μ ‚Ν ‚Η‚κ ‚© <EOS>,‘ξ’n •¨ ζψ ‹Ζ A ‚Ν A ‚©‚η A —L ‚Μ “y’n ‚Μ ”„‹p ‚π Λ— ‚³ ‚κ A ‚Ζ ”}‰ξ _–ρ ‚π ’χ‹ ‚µ ‚½ κ‡ ‚ΙΦ‚·‚ι  ‚Μ ‹Lq ‚Μ ‚¤‚Ώ ‘ξ’n •¨ ζψ ‹Ζ–@ ‚Μ ‹K’θ ‚Ι ‚ζ‚κ ‚Ξ λ‚Α ‚Δ ‚Ά‚ι ‚ΰ‚Μ ‚Ν ‚Η‚κ ‚© <EOS>
<BOS> A ‚ ‘ξ’n •¨ ζψ ‹Ζ A <UNK> ‘“y π’Κ ‘εb –Ζ‹– <UNK> ‚©‚η ‘ξ’n •¨ ζψ ‹Ζ A <UNK> ‘“y π’Κ ‘εb –Ζ‹– <UNK> ‚Ι ‹Ξ–± ζ ‚π •ΟX ‚µ ‚½ κ‡ <UNK> A ‚Ν <UNK> ‚»‚Μ “ϊ ‚©‚η <NUM> “ϊ Θ“ΰ ‚Ι <UNK> b §’m– ‚Ι •ΟX ‚Μ “o^ ‚π \Ώ ‚µ ‚Θ‚―‚κ ‚Ξ ‚Θ‚η ‚Θ‚Ά <UNK> <EOS>,b §’m– ‚Μ “o^ ‹y‚Ρ ‰ §’m– ‚©‚η ζψ ε”C  Ψ ‚Μ π•t ‚π σ‚― ‚Δ ‚Ά‚ι ζψ ε”C  A ‚ΙΦ‚·‚ι  ‚Μ ‹Lq ‚Μ ‚¤‚Ώ <UNK> ‘ξ’n •¨ ζψ ‹Ζ–@ ‚Μ ‹K’θ ‚Ι ‚ζ‚κ ‚Ξ <UNK> ³‚µ‚Ά ‚ΰ‚Μ ‚Ν ‚Η‚κ ‚© <UNK> <EOS>,ζψ ε”C  A <UNK> b §’m– “o^ <UNK> ‚ <UNK> ‘ξ’n •¨ ζψ ‹Ζ A <UNK> ‘“y π’Κ ‘εb –Ζ‹– <UNK> ‚Μ b §“ΰ ‚Μ –{ “X ‚Ι <UNK> κ”C ‚Μ ζψ ε”C  ‚Ζ ‚µ ‚Δ ‹Ξ–± ‚µ ‚Δ ‚Ά‚ι κ‡ ‚ΙΦ‚·‚ι  ‚Μ ‹Lq ‚Μ ‚¤‚Ώ <UNK> ‘ξ’n •¨ ζψ ‹Ζ–@ ‚Μ ‹K’θ ‚Ι ‚ζ‚κ ‚Ξ <UNK> ³‚µ‚Ά ‚ΰ‚Μ ‚Ν ‚Η‚κ ‚© <UNK> <EOS>
<BOS> ‹@\ ‚Ν <UNK> ΠQ —\–h ‘γ‘Φ ’z •¨ ‚Μ έ ‚Ι •K—v ‚Θ ‘‹ΰ ‚Μ ‘έ •t‚― ‚π s‚¤ ‚±‚Ζ ‚Ν ‚Ε‚«‚ι ‚ <UNK> ’nk ‚Ι‘Ξ‚·‚ι ΐ‘S « ‚Μ όγ ‚π ε‚½‚ι –Ϊ“I ‚Ζ ‚·‚ι Z‘ξ ‚Μ ‰ό—Η ‚Ι •K—v ‚Θ ‘‹ΰ ‚Μ ‘έ •t‚― ‚π s‚¤ ‚±‚Ζ ‚Ν ‚Ε‚« ‚Θ‚Ά <UNK> <EOS>,“Ζ—§ s­ –@l Z‘ξ ‹ΰ—Z x‰‡ ‹@\ <UNK> Θ‰Ί ‚±‚ΜΤ ‚Ι‚¨‚Ά‚Δ <UNK> ‹@\ <UNK> ‚Ζ ‚Ά‚¤ <UNK> <UNK> ‚ΙΦ‚·‚ι  ‚Μ ‹Lq ‚Μ ‚¤‚Ώ <UNK> λ‚Α ‚Δ ‚Ά‚ι ‚ΰ‚Μ ‚Ν ‚Η‚κ ‚© <UNK> <EOS>,“Ζ—§ s­ –@l Z‘ξ ‹ΰ—Z x‰‡ ‹@\ <UNK> Θ‰Ί <UNK> ‹@\ <UNK> ‚Ζ ‚Ά‚¤ <UNK> <UNK> ‚Μ ‹Ζ–± ‚ΙΦ‚·‚ι  ‚Μ ‹Lq ‚Μ ‚¤‚Ώ <UNK> λ‚Α ‚Δ ‚Ά‚ι ‚ΰ‚Μ ‚Ν ‚Η‚κ ‚© <UNK> <EOS>
<BOS> “–Y ‘ξ’n ‚Μ ”„”ƒ _–ρ ‚Μ ’χ‹ ‚ΙΫ‚µ <UNK> A ‚Ζ A ‚ ‘ΉQ ”… z ‚Μ —\’θ ‹y‚Ρ α–ρ ‹ΰ ‚π ’θ‚ί ‚Θ‚©‚Α ‚½ κ‡ <UNK> A ‚Ν <UNK> A ‚Ι‘Ξ‚µ ‚Δ <UNK> ‘γ‹ΰ ‚Μ z ‚Μ <NUM> •‚Μ <NUM> ‚π ’΄‚¦ ‚Δ ‘ΉQ ”… ‚π Ώ‹ ‚·‚ι ‚±‚Ζ ‚Ν ‚Ε‚« ‚Θ‚Ά <UNK> <EOS>,‘ξ’n •¨ ζψ ‹Ζ A ‚ <UNK> ©‚η ”„ε ‚Ζ ‚Θ‚Α ‚Δ <UNK> ‘ξ’n •¨ ζψ ‹Ζ ‚Ε ‚Θ‚Ά A ‚Ι‘Ξ‚µ ‚Δ ‘ξ’n ‚π ”„‹p ‚·‚ι _–ρ ‚π ’χ‹ ‚·‚ι κ‡ ‚ΙΦ‚·‚ι  ‚Μ ‹Lq ‚Μ ‚¤‚Ώ <UNK> ‘ξ’n •¨ ζψ ‹Ζ–@ ‹y‚Ρ –―–@ ‚Μ ‹K’θ ‚Ι ‚ζ‚κ ‚Ξ <UNK> ³‚µ‚Ά ‚ΰ‚Μ ‚Ν ‚Η‚κ ‚© <UNK> <EOS>,‘ξ’n •¨ ζψ ‹Ζ A ‚ <UNK> ©‚η ”„ε ‚Ζ ‚Θ‚Α ‚Δ <UNK> ‘ξ’n •¨ ζψ ‹Ζ ‚Ε ‚Θ‚Ά A ‚Ι‘Ξ‚µ ‚Δ ‘ξ’n ‚π ”„‹p ‚·‚ι _–ρ ‚π ’χ‹ ‚·‚ι κ‡ ‚ΙΦ‚·‚ι  ‚Μ ‹Lq ‚Μ ‚¤‚Ώ <UNK> ‘ξ’n •¨ ζψ ‹Ζ–@ ‹y‚Ρ –―–@ ‚Μ ‹K’θ ‚Ι ‚ζ‚κ ‚Ξ <UNK> ³‚µ‚Ά ‚ΰ‚Μ ‚Ν ‚Η‚κ ‚© <UNK> <EOS>
<BOS> ‹} XΞ’n ‚Μ •φ‰σ ‚π –h~ ‚·‚ι ‚½‚ί ‚Μ ”r… {έ ‚Ν <UNK> ‚»‚Μ Z“§ –”‚Ν ’β‘Ψ ‚Ι‚ζ‚θ ‹} XΞ’n ‚Μ •φ‰σ ‚Μ ΄φ ‚Ζ ‚Θ‚ι ’n•\ … ‹y‚Ρ ’n‰Ί … ‚π <UNK> ‹} XΞ’n ‚©‚η ‘¬‚β‚© ‚Ι ”r ‚·‚ι ‚±‚Ζ ‚ ‚Ε‚«‚ι \‘Ά ‚Ε ‚Θ‚―‚κ ‚Ξ ‚Θ‚η ‚Θ‚Ά <UNK> <EOS>,“y’n ‚ΙΦ‚·‚ι  ‚Μ ‹Lq ‚Μ ‚¤‚Ώ <UNK> Ε‚ΰ •s “K“– ‚Θ ‚ΰ‚Μ ‚Ν ‚Η‚κ ‚© <UNK> <EOS>,“y’n ‚ΙΦ‚·‚ι  ‚Μ ‹Lq ‚Μ ‚¤‚Ώ <UNK> λ‚Α ‚Δ ‚Ά‚ι ‚ΰ‚Μ ‚Ν ‚Η‚κ ‚© <UNK> <EOS>
<BOS> ”_’n –@ ‘ζ <NUM> π –”‚Ν ‘ζ <NUM> π ‚Ι‚¨‚―‚ι •K—v ‚Θ ‹–‰Β ‚π σ‚―‚ι ‚±‚Ζ ‚Θ‚­ ”_’n ‚Μ ”„”ƒ _–ρ ‚π ’χ‹ ‚µ ‚½ κ‡ <UNK> ‚»‚Μ _–ρ ‚Ν —Lψ ‚Ε ‚ ‚ι ‚ <UNK> “s“Ή•{§ ’m– ‚Ι‚ζ‚θ _–ρ “ΰ—e “™ κ’θ ‚Μ –€ ‚ φ•\ ‚³ ‚κ‚ι <UNK> <EOS>,”_’n –@ ‚ΙΦ‚·‚ι  ‚Μ ‹Lq ‚Μ ‚¤‚Ώ <UNK> ³‚µ‚Ά ‚ΰ‚Μ ‚Ν ‚Η‚κ ‚© <UNK> <EOS>,”_’n –@ ‚ΙΦ‚·‚ι  ‚Μ ‹Lq ‚Μ ‚¤‚Ώ <UNK> ³‚µ‚Ά ‚ΰ‚Μ ‚Ν ‚Η‚κ ‚© <UNK> <EOS>
<BOS> ‘ζ <NUM> ν Z‹ ’nζ ‚Ν ’α‘w Z‘ξ ‚Ι W‚ι —ΗD ‚Θ Z‹ ‚Μ Β‹« ‚π •Ϋμ ‚·‚ι ‚½‚ί ’θ‚ί‚ι ’nζ ‚Ε ‚ ‚θ ‘ζ <NUM> ν Z‹ ’nζ ‚Ν ’†‚‘w Z‘ξ ‚Ι W‚ι —ΗD ‚Θ Z‹ ‚Μ Β‹« ‚π •Ϋμ ‚·‚ι ‚½‚ί ’θ‚ί‚ι ’nζ ‚Ε ‚ ‚ι <EOS>,“ss v‰ζ –@ ‚ΙΦ‚·‚ι  ‚Μ ‹Lq ‚Μ ‚¤‚Ώ ³‚µ‚Ά ‚ΰ‚Μ ‚Ν ‚Η‚κ ‚© <EOS>,’z ξ€ –@ Θ‰Ί ‚±‚Μ –β ‚Ι‚¨‚Ά‚Δ –@ ‚Ζ‚Ά‚¤ ‚ΙΦ‚·‚ι  ‚Μ ‹Lq ‚Μ ‚¤‚Ώ λ‚Α ‚Δ ‚Ά‚ι ‚ΰ‚Μ ‚Ν ‚Η‚κ ‚© <EOS>
<BOS> A ‚ ‘ξ  ζψ m ‚π ‚µ ‚Δ <NUM> π ‘–Κ ‚Ι ‹L–Ό ‰σ ‚³ ‚Ή ‚½ κ‡ ‚Ι ‚Ν <NUM> π ‘–Κ ‚Μ π•t ‚π ‘ξ  ζψ m ‚Ε ‚Θ‚Ά A ‚Μ ‘γ•\  ‚β ]‹Ζ υ ‚ s‚Α ‚Δ ‚ΰ ‚ζ‚Ά <EOS>,‘ξ’n •¨ ζψ ‹Ζ A ‚ ”„ε A ‚Ζ ”ƒε A ‚Ζ ‚Μ Τ ‚Μ ‘ξ’n ‚Μ ”„”ƒ ‚Ι‚Β‚Ά‚Δ ”}‰ξ ‚π s‚¤ κ‡ ‚Ι‚¨‚Ά‚Δ ‘ξ’n •¨ ζψ ‹Ζ–@ Θ‰Ί ‚±‚Μ –β ‚Ι‚¨‚Ά‚Δ –@ ‚Ζ‚Ά‚¤ ‘ζ <NUM> π ‚Μ ‹K’θ ‚Ι‚ζ‚θ π•t ‚· ‚Χ‚« ‘–Κ Θ‰Ί ‚±‚Μ –β ‚Ι‚¨‚Ά‚Δ <NUM> π ‘–Κ ‚Ζ‚Ά‚¤ ‚ΙΦ‚·‚ι  ‚Μ ‹Lq ‚Μ ‚¤‚Ώ –@ ‚Μ ‹K’θ ‚Ι ‚ζ‚κ ‚Ξ ³‚µ‚Ά ‚ΰ‚Μ ‚Ν ‚Η‚κ ‚© <EOS>,”„ε A ”ƒε ‚Μ Τ ‚Μ ‘ξ’n ‚Μ ”„”ƒ ‚Ι‚Β‚Ά‚Δ ‘ξ’n •¨ ζψ ‹Ζ A ‚ ”}‰ξ ‚π ‚µ ‚½ κ‡ ‚Μ  ‚Μ ‹Lq ‚Μ ‚¤‚Ώ ‘ξ’n •¨ ζψ ‹Ζ–@ Θ‰Ί ‚±‚Μ –β ‚Ι‚¨‚Ά‚Δ –@ ‚Ζ‚Ά‚¤ ‚Μ ‹K’θ ‚Ι ‚ζ‚κ ‚Ξ ³‚µ‚Ά ‚ΰ‚Μ ‚Ν ‚Η‚κ ‚© <EOS>
<BOS> ‘ξ’n •¨ ζψ ‹Ζ A ‚ €–S ‚µ <UNK> ‚»‚Μ ‘‘± l A ‚ <UNK> A ‚Μ —L ‚µ ‚Δ ‚Ά ‚½ ‘ξ’n ‚π <NUM> ‹ζ‰ζ ‚Ι ‹ζ‰ζ „‚θ ‚µ <UNK> ‚±‚κ ‚π •χ ‚·‚ι κ‡ ‚Ι ‚Ν <UNK> A ‚Ν <UNK> –Ζ‹– ‚π σ‚―‚ι •K—v ‚ ‚Θ‚Ά <UNK> <EOS>,‘ξ’n •¨ ζψ ‹Ζ ‚Μ –Ζ‹– <UNK> Θ‰Ί <UNK> –Ζ‹– A ‚Ζ ‚Ά‚¤ <UNK> <UNK> ‚ΙΦ‚·‚ι  ‚Μ ‹Lq ‚Μ ‚¤‚Ώ <UNK> ‘ξ’n •¨ ζψ ‹Ζ–@ ‚Μ ‹K’θ ‚Ι ‚ζ‚κ ‚Ξ <UNK> ³‚µ‚Ά ‚ΰ‚Μ ‚Ν ‚Η‚κ ‚© <UNK> <EOS>,‘ξ’n •¨ ζψ ‹Ζ ‚Μ –Ζ‹– <UNK> Θ‰Ί <UNK> –Ζ‹– <UNK> ‚Ζ ‚Ά‚¤ <UNK> <UNK> ‚ΙΦ‚·‚ι  ‚Μ ‹Lq ‚Μ ‚¤‚Ώ <UNK> ‘ξ’n •¨ ζψ ‹Ζ–@ ‚Μ ‹K’θ ‚Ι ‚ζ‚κ ‚Ξ <UNK> λ‚Α ‚Δ ‚Ά‚ι ‚ΰ‚Μ ‚Ν ‚Η‚κ ‚© <UNK> <EOS>
<BOS> A ‚ <UNK> ‘ξ’n •¨ ζψ m Ψ ‚Μ —Lψ ϊΤ ‚Μ XV ‚π σ‚― ‚Θ‚©‚Α ‚½ ‚±‚Ζ ‚Ι‚ζ‚θ ‘ξ’n •¨ ζψ m Ψ ‚ ψ—Ν ‚π Έ‚Α ‚½ κ‡ <UNK> b §’m– ‚Ν <UNK> A ‚Μ “o^ ‚π Α  ‚µ ‚Θ‚―‚κ ‚Ξ ‚Θ‚η ‚Θ‚Ά <UNK> <EOS>,‘ξ’n •¨ ζψ m A ‚ <UNK> b §’m– ‚©‚η ‘ξ’n •¨ ζψ m Ψ ‚Μ π•t ‚π σ‚― ‚Δ ‚Ά‚ι κ‡ ‚ΙΦ‚·‚ι  ‚Μ ‹Lq ‚Μ ‚¤‚Ώ <UNK> ³‚µ‚Ά ‚ΰ‚Μ ‚Ν ‚Η‚κ ‚© <UNK> <EOS>,‘ξ’n •¨ ζψ m A ‚ b §’m– ‚©‚η ‘ξ’n •¨ ζψ m Ψ ‚Μ π•t ‚π σ‚― ‚Δ ‚Ά‚ι κ‡ ‚ΙΦ‚·‚ι  ‚Μ ‹Lq ‚Μ ‚¤‚Ώ <UNK> ³‚µ‚Ά ‚ΰ‚Μ ‚Ν ‚Η‚κ ‚© <UNK> <EOS>
<BOS> A ‚ —L ‚·‚ι sX ‰» ’²® ‹ζζ “ΰ ‚Μ “y’n <NUM> ‡u ‚Ζ A ‚ —L ‚·‚ι “ss v‰ζ ‹ζζ O ‚Μ “y’n <NUM> ‡u ‚π π· ‚µ ‚½ κ‡ A ‹y‚Ρ A ‚Ν –γ “Νo ‚π s‚¤ •K—v ‚Ν ‚Θ‚Ά <EOS>,‘“y ——p v‰ζ –@ Θ‰Ί ‚±‚Μ –β ‚Ι‚¨‚Ά‚Δ –@ ‚Ζ‚Ά‚¤ ‚ΙΦ‚·‚ι  ‚Μ ‹Lq ‚Μ ‚¤‚Ώ ³‚µ‚Ά ‚ΰ‚Μ ‚Ν ‚Η‚κ ‚© ‚Θ‚¨ ‚±‚Μ –β ‚Ι‚¨‚Ά‚Δ –γ “Νo ‚Ζ ‚Ν –@ ‘ζ <NUM> π ‚Ι ‹K’θ ‚·‚ι “s“Ή•{§ ’m– ‚Φ ‚Μ “Νo ‚π ‚Ά‚¤ <EOS>,‘“y ——p v‰ζ –@ ‘ζ <NUM> π ‚Μ “Νo Θ‰Ί ‚±‚Μ –β ‚Ι‚¨‚Ά‚Δ –γ “Νo ‚Ζ‚Ά‚¤ ‹y‚Ρ “― –@ ‘ζ <NUM> π ‚Μ <NUM> ‚Μ “Νo Θ‰Ί ‚±‚Μ –β ‚Ι‚¨‚Ά‚Δ –‘O “Νo ‚Ζ‚Ά‚¤ ‚ΙΦ‚·‚ι  ‚Μ ‹Lq ‚Μ ‚¤‚Ώ ³‚µ‚Ά ‚ΰ‚Μ ‚Ν ‚Η‚κ ‚© <EOS>
<BOS> A <UNK> A ‹y‚Ρ A ‚Ν <UNK> <NUM> ”N ‚π ’΄‚¦ ‚Θ‚Ά ϊΤ “ΰ ‚Ε ‚ ‚κ ‚Ξ b “y’n ‚Μ •„ ‚π ‚µ ‚Θ‚Ά | ‚Μ _–ρ ‚π ‚·‚ι ‚±‚Ζ ‚ ‚Ε‚«‚ι ‚ <UNK> “–Y _–ρ ‚π XV ‚·‚ι ‚±‚Ζ ‚Ν ‚Ε‚« ‚Θ‚Ά <UNK> <EOS>,A <UNK> A ‹y‚Ρ A ‚ <UNK> • ‚π e <NUM> •‚Μ A ‚Ζ ‚µ ‚Δ b “y’n ‚π ‹¤—L ‚µ ‚Δ ‚Ά‚ι κ‡ ‚ΙΦ‚·‚ι  ‚Μ ‹Lq ‚Μ ‚¤‚Ώ <UNK> –―–@ ‚Μ ‹K’θ ‹y‚Ρ ”»—α ‚Ι ‚ζ‚κ ‚Ξ <UNK> ³‚µ‚Ά ‚ΰ‚Μ ‚Ν ‚Η‚κ ‚© <UNK> <EOS>,A <UNK> A ‹y‚Ρ A ‚ <UNK> • ‚π e <NUM> •‚Μ A ‚Ζ ‚µ ‚Δ b “y’n ‚π ‹¤—L ‚µ ‚Δ ‚Ά‚ι κ‡ ‚ΙΦ‚·‚ι  ‚Μ ‹Lq ‚Μ ‚¤‚Ώ <UNK> –―–@ ‚Μ ‹K’θ ‹y‚Ρ ”»—α ‚Ι ‚ζ‚κ ‚Ξ <UNK> ³‚µ‚Ά ‚ΰ‚Μ ‚Ν ‚Η‚κ ‚© <UNK> <EOS>
<BOS> A ‚Ζ A ‚Ζ ‚ ‘γ‹ΰ ‚Μ •‰’S •”• ‚π <NUM> <NUM> ‰~ ‚Έ‚Β ‚Ζ ’θ‚ί ‚Δ ‚Ά ‚½ κ‡ A ‚Ν A ‚©‚η <NUM> <NUM> ‰~ Ώ‹ ‚³ ‚κ ‚Δ ‚ΰ <NUM> <NUM> ‰~ ‚π x•¥‚¦ ‚Ξ ‚ζ‚Ά <EOS>,A ‚Ζ A ‚Ζ ‚ ‹¤“― ‚Ε A ‚©‚η A —L ‚Μ “y’n ‚π <NUM> <NUM> ‰~ ‚Ε w“ό ‚µ ‘γ‹ΰ ‚π A‘Ρ ‚µ ‚Δ •‰’S ‚·‚ι A‘Ρ Β–± ‚Ζ ’θ‚ί A ‚Ν A E A ‚Ι “o‹L ψ“n‚µ ‚π ‚µ ‚½ ‚Μ‚Ι A E A ‚ x•¥ ‚π ‚µ ‚Θ‚Ά κ‡ ‚Μ  ‚Μ ‹Lq ‚Μ ‚¤‚Ώ –―–@ ‚Μ ‹K’θ ‚Ι ‚ζ‚κ ‚Ξ ³‚µ‚Ά ‚ΰ‚Μ ‚Ν ‚Η‚κ ‚© <EOS>,‘ξ’n •¨ ζψ ‹Ζ A ‚Ν ©‚η ”„ε ‚Ζ ‚Θ‚Α ‚Δ ‘ξ’n •¨ ζψ ‹Ζ ‚Ε ‚Θ‚Ά A ‚Ι ’z H– ®—Ή ‘O ‚Μ ƒ}ƒ“ƒVƒ‡ƒ“ ‚π <NUM> <NUM> ‰~ ‚Ε ”Μ”„ ‚·‚ι κ‡ ‚ΙΦ‚·‚ι  ‚Μ ‹Lq ‚Μ ‚¤‚Ώ ‘ξ’n •¨ ζψ ‹Ζ–@ ‚Μ ‹K’θ ‚Ι ‚ζ‚κ ‚Ξ λ‚Α ‚Δ ‚Ά‚ι ‚ΰ‚Μ ‚Ν ‚Η‚κ ‚© ‚Θ‚¨ <NUM> ‚© • ‚Μ Ψ ’ΐ ‚Ν <NUM> <NUM> ‰~ <NUM> ‰~ <NUM> <NUM> ‰~ <NUM> ‚π ά‚ή <NUM> ‰~ ‚Ε ‚ ‚ι <EOS>
<BOS> –h‰Ξ ’nζ “ΰ ‚Ε <UNK> ‚©‚Β <UNK> “ss v‰ζ ‚Ι‚¨‚Ά‚Δ ‚Ψ‚Ά—¦ ‚ <NUM> •‚Μ <NUM> ‚Ζ ’θ‚ί ‚η‚κ ‚½ ‘ζ <NUM> ν Z‹ ’nζ “ΰ ‚Ι ‚ ‚ι ‘Ο‰Ξ ’z •¨ ‚Ι‚Β‚Ά‚Δ ‚Ν <UNK> ‚Ψ‚Ά—¦ ‚Μ §ΐ ‚Ν <UNK> “K—p ‚³ ‚κ ‚Θ‚Ά <UNK> <EOS>,’z •¨ ‚Μ ‰„‚Χ –ΚΟ ‚Μ •~’n –ΚΟ ‚Ι‘Ξ‚·‚ι „‡ <UNK> —eΟ —¦ <UNK> ‹y‚Ρ ’z •¨ ‚Μ ’z –ΚΟ ‚Μ •~’n –ΚΟ ‚Ι‘Ξ‚·‚ι „‡ <UNK>  ƒy ‚Ά —¦ <UNK> ‚ΙΦ‚·‚ι  ‚Μ ‹Lq ‚Μ ‚¤‚Ώ <UNK> ’z ξ€ –@ ‚Μ ‹K’θ ‚Ι ‚ζ‚κ ‚Ξ <UNK> ³‚µ‚Ά ‚ΰ‚Μ ‚Ν ‚Η‚κ ‚© <UNK> <EOS>,–h‰Ξ ’nζ –”‚Ν € –h‰Ξ ’nζ ‚ΙΦ‚·‚ι  ‚Μ ‹Lq ‚Μ ‚¤‚Ώ <UNK> ’z ξ€ –@ ‚Μ ‹K’θ ‚Ι ‚ζ‚κ ‚Ξ <UNK> λ‚Α ‚Δ ‚Ά‚ι ‚ΰ‚Μ ‚Ν ‚Η‚κ ‚© <UNK> <EOS>
<BOS> “–Y ƒ}ƒ“ƒVƒ‡ƒ“ ‚π ‘ξ’n •¨ ζψ ‹Ζ A ‚Ι •χ ‚µ <UNK> “–Y ƒ}ƒ“ƒVƒ‡ƒ“ ‚Μ ψ“n‚µ ‚Ζ “―‚Ι θ•t ‹ΰ <NUM> <NUM> ‰~ ‚π σ—Μ ‚·‚ι κ‡ <UNK> A ‚Ν <UNK> •Ϋ‘S ‘[’u ‚π u‚¶ ‚Θ‚―‚κ ‚Ξ ‚Θ‚η ‚Θ‚Ά <UNK> <EOS>,‘ξ’n •¨ ζψ ‹Ζ A ‚Ν <UNK> ©‚η ”„ε ‚Ζ ‚µ ‚Δ ’z H– ®—Ή ‘O ‚Μ ƒ}ƒ“ƒVƒ‡ƒ“ ‚π ‘γ‹ΰ <NUM> <UNK> <NUM> <NUM> ‰~ ‚Ε •χ ‚µ ‚½ <UNK> ‚±‚Μ κ‡ <UNK> ‘ξ’n •¨ ζψ ‹Ζ–@ ‚Μ ‹K’θ ‚Ι ‚ζ‚κ ‚Ξ <UNK>  ‚Μ ‹Lq ‚Μ ‚¤‚Ώ ³‚µ‚Ά ‚ΰ‚Μ ‚Ν ‚Ά‚­‚Β ‚ ‚ι ‚© <UNK> ‚Θ‚¨ <UNK> ‚±‚ΜΤ ‚Ι‚¨‚Ά‚Δ <UNK> •Ϋ‘S ‘[’u <UNK> ‚Ζ ‚Ν <UNK> “― –@ ‘ζ <NUM> π ‘ζ <NUM> € ‚Μ ‹K’θ ‚Ι‚ζ‚ι θ•t ‹ΰ “™ ‚Μ •Ϋ‘S ‘[’u ‚π ‚Ά‚¤ <UNK> <EOS>,‘ξ’n •¨ ζψ ‹Ζ A ‚Ν <UNK> ©‚η ”„ε ‚Ζ ‚Θ‚Α ‚Δ <UNK> H– ®—Ή ‘O ‚Μ ƒ}ƒ“ƒVƒ‡ƒ“ ‚π ‘ξ’n •¨ ζψ ‹Ζ ‚Ε ‚Θ‚Ά A ‚Ι <NUM> <UNK> <NUM> <NUM> ‰~ ‚Ε χ“n ‚·‚ι _–ρ ‚π ’χ‹ ‚µ ‚½ κ‡ ‚ΙΦ‚·‚ι  ‚Μ ‹Lq ‚Μ ‚¤‚Ώ <UNK> ‘ξ’n •¨ ζψ ‹Ζ–@ ‚Μ ‹K’θ ‚Ι ‚ζ‚κ ‚Ξ <UNK> λ‚Α ‚Δ ‚Ά‚ι ‚ΰ‚Μ ‚Ν ‚Η‚κ ‚© <UNK> ‚Θ‚¨ <UNK> ‚±‚ΜΤ ‚Ι‚¨‚Ά‚Δ <UNK> •Ϋ‘S ‘[’u <UNK> ‚Ζ ‚Ν <UNK> “― –@ ‘ζ <NUM> π ‘ζ <NUM> € ‚Μ ‹K’θ ‚Ι‚ζ‚ι θ•t ‹ΰ “™ ‚Μ •Ϋ‘S ‘[’u ‚π ‚Ά‚¤ ‚ΰ‚Μ ‚Ζ ‚·‚ι <UNK> <EOS>
<BOS> A ‚ A ‚Ι •¨ ”ƒζ Ώ‹   ‚π sg ‚µ ‚½ κ‡ <UNK> A ‚Ν A ‚ ‘γ‹ΰ ‚π x•¥‚¤ ‘O ‚Ε ‚ ‚Α ‚Δ ‚ΰ <UNK> ‰³ •¨ ‚Μ ψ“n‚µ ‚π ‹‘‚ή ‚±‚Ζ ‚Ν ‚Ε‚« ‚Θ‚Ά <UNK> <EOS>,A ‚ A ‚©‚η A —L ‚Μ b “y’n ‚π ’ΐΨ ‚µ ‚Δ b “y’n γ ‚Ι ‰³ •¨ ‚π ’z ‚µ ‚Δ —L ‚·‚ι κ‡ ‚ΙΦ‚·‚ι  ‚Μ ‹Lq ‚Μ ‚¤‚Ώ <UNK> –―–@ ‹y‚Ρ Ψ’n Ψ‰Ζ –@ ‚Μ ‹K’θ •ΐ‚Ρ‚Ι ”»—α ‚Ι ‚ζ‚κ ‚Ξ <UNK> ³‚µ‚Ά ‚ΰ‚Μ ‚Ν ‚Η‚κ ‚© <UNK> <EOS>,A ‚Ν <UNK> A ‚Μ A ‚Ι‘Ξ‚·‚ι Β–± ‚π ’S•Ϋ ‚·‚ι ‚½‚ί <UNK> A ‚Μ —L ’n ‚Ι A ‚Μ ’ο“–   ‚π έ’θ ‚µ <UNK> ‚»‚Μ | ‚Μ “o‹L ‚π ‚µ ‚½ <UNK> ‚±‚Μ κ‡ <UNK> –―–@ ‚Μ ‹K’θ ‹y‚Ρ ”»—α ‚Ι ‚ζ‚κ ‚Ξ <UNK>  ‚Μ ‹Lq ‚Μ ‚¤‚Ώ λ‚Α ‚Δ ‚Ά‚ι ‚ΰ‚Μ ‚Ν ‚Η‚κ ‚© <UNK> <EOS>
<BOS> “–Y ‘ξ’n ‚Μ έ <UNK> ’n”Τ ‚»‚Μ‘Ό “–Y ‘ξ’n ‚π “Α’θ ‚·‚ι ‚½‚ί ‚Ι •K—v ‚Θ •\¦ ‹y‚Ρ “–Y ‘ξ’n ‚Μ —L  ‚Μ –Ό <UNK> Z “™ ”„ε ‚π “Α’θ ‚·‚ι ‚½‚ί ‚Μ –€ <EOS>,‘ξ’n •¨ ζψ ‹Ζ A ‚ <UNK> A —L ‚Μ ‘ξ’n ‚Μ ”„‹p ‚Μ ”}‰ξ Λ— ‚π σ‚― <UNK> A ‚Ζ κ”C ”}‰ξ _–ρ ‚π ’χ‹ ‚µ ‚½ <UNK> ‚±‚Μ κ‡ ‚Ι‚¨‚Ά‚Δ <UNK>  ‚Μ ‹Lq ‚Μ ‚¤‚Ώ <UNK> A ‚ A ‚Ι π•t ‚·‚ι ‘ξ’n •¨ ζψ ‹Ζ–@ ‘ζ <NUM> π ‚Μ <NUM> ‚Μ ‹K’θ ‚Ι ξ‚Γ‚­ ”}‰ξ _–ρ ‚Μ “ΰ—e ‚π ‹LΪ ‚µ ‚½ ‘–Κ ‚Ι <UNK> ‹LΪ ‚·‚ι •K—v ‚ ‚Θ‚Ά –€ ‚Ν ‚Ά‚­‚Β ‚ ‚ι ‚© <UNK> <EOS>,‘ξ’n •¨ ζψ ‹Ζ A ‚ <UNK> A —L ‚Μ ‘ξ’n ‚Μ ”„‹p ‚Μ ”}‰ξ Λ— ‚π σ‚― <UNK> A ‚Ζ κ”C ”}‰ξ _–ρ ‚π ’χ‹ ‚µ ‚½ κ‡ ‚ΙΦ‚·‚ι  ‚Μ ‹Lq ‚Μ ‚¤‚Ώ <UNK> ‘ξ’n •¨ ζψ ‹Ζ–@ ‚Μ ‹K’θ ‚Ι ‚ζ‚κ ‚Ξ <UNK> λ‚Α ‚Δ ‚Ά‚ι ‚ΰ‚Μ ‚Ν ‚Η‚κ ‚© <UNK> <EOS>
<BOS> A ‚Ν <UNK> “–Y •¨ ‚ΙΦ‚·‚ι κ’θ ‚Μ –€ ‚π <UNK> ”}‰ξ _–ρ ’χ‹ ‚Μ “ϊ ‚©‚η <NUM> “ϊ Θ“ΰ <UNK> ‹x‹Ζ “ϊ ‚π ‚­ <UNK> <UNK> ‚Ι <UNK> w’θ —¬’Κ ‹@\ ‚Ι “o^ ‚µ ‚Θ‚―‚κ ‚Ξ ‚Θ‚η ‚Θ‚Ά <UNK> <EOS>,‘ξ’n •¨ ζψ ‹Ζ A ‚ A ‚Μ —L ‚·‚ι ‘ξ’n ‚Μ ”„‹p ‚Μ Λ— ‚π σ‚― <UNK> A ‚Ζ κ‘® κ”C ”}‰ξ _–ρ ‚π ’χ‹ ‚µ ‚½ κ‡ ‚ΙΦ‚·‚ι  ‚Μ ‹Lq ‚Μ ‚¤‚Ώ <UNK> ‘ξ’n •¨ ζψ ‹Ζ–@ ‚Μ ‹K’θ ‚Ι ‚ζ‚κ ‚Ξ <UNK> ³‚µ‚Ά ‚ΰ‚Μ ‚Ν ‚Η‚κ ‚© <UNK> <EOS>,‘ξ’n •¨ ζψ ‹Ζ A ‚ A —L ‚Μ •¨ ‚Μ ”„‹p ‚Μ Λ— ‚π σ‚― <UNK> A ‚Ζ κ‘® κ”C ”}‰ξ _–ρ ‚π ’χ‹ ‚µ ‚½ κ‡ ‚ΙΦ‚·‚ι  ‚Μ ‹Lq ‚Μ ‚¤‚Ώ <UNK> ‘ξ’n •¨ ζψ ‹Ζ–@ ‚Μ ‹K’θ ‚Ι ‚ζ‚κ ‚Ξ <UNK> λ‚Α ‚Δ ‚Ά‚ι ‚ΰ‚Μ ‚Ν ‚Η‚κ ‚© <UNK> <EOS>
<BOS> •s“®Y ‚Μ ‚ζ‚¤ ‚Θ ‚‰Ώ ‚Θ ΰY ‚Μ ”„”ƒ ‚π Ο”C ‚·‚ι κ‡ ‚Ι ‚Ν A ‚Ν A ‚Ι‘Ξ‚µ‚Δ Ο”C σ ‚π π•t ‚µ ‚Θ‚Ά ‚Ζ Ο”C _–ρ ‚Ν ¬—§ ‚µ ‚Θ‚Ά <EOS>,A ‚ A —L ‚Μ •s“®Y ‚Μ ”„”ƒ ‚π A ‚Ι‘Ξ‚µ‚Δ Ο”C ‚·‚ι κ‡ ‚ΙΦ‚·‚ι  ‚Μ ‹Lq ‚Μ ‚¤‚Ώ –―–@ ‚Μ ‹K’θ ‚Ι ‚ζ‚κ ‚Ξ ³‚µ‚Ά ‚ΰ‚Μ ‚Ν ‚Η‚κ ‚© ‚Θ‚¨ A ‹y‚Ρ A ‚Ν ‘ξ’n •¨ ζψ ‹Ζ ‚Ε ‚Ν ‚Θ‚Ά ‚ΰ‚Μ ‚Ζ ‚·‚ι <EOS>, ‚Μ ‹Lq ‚Μ ‚¤‚Ώ –―–@ ‚Μ ‹K’θ ‹y‚Ρ ”»—α ‚Ι ‚ζ‚κ ‚Ξ λ‚Α ‚Δ ‚Ά‚ι ‚ΰ‚Μ ‚Ν ‚Η‚κ ‚© <EOS>
<BOS> “–Y •¨ ‚ <UNK> ‘ξ’n ‘Ά¬ “™ ‹K§ –@ ‘ζ <NUM> π ‘ζ <NUM> € ‚Ι‚ζ‚θ w’θ ‚³ ‚κ ‚½ ‘Ά¬ ‘ξ’n –hΠ ‹ζζ “ΰ ‚Ι ‚ ‚ι ‚Ζ‚« ‚Ν <UNK> ‚»‚Μ | <EOS>,‘ξ’n •¨ ζψ ‹Ζ ‚ •¨ ‚Μ ‘έΨ ‚Μ ”}‰ξ ‚π ‚·‚ι κ‡ ‚ΙΦ‚·‚ι  ‚Μ ‹Lq ‚Μ ‚¤‚Ώ <UNK> ‘ξ’n •¨ ζψ ‹Ζ–@ ‘ζ <NUM> π ‚Ι ξ‚Γ‚« d—v –€ ‚Ζ ‚µ ‚Δ ΰ–Ύ ‚·‚ι •K—v ‚ ‚Θ‚Ά ‚ΰ‚Μ ‚Μ ‘g‚έ‡‚ν‚Ή ‚Ν ‚Η‚κ ‚© <UNK> <EOS>,‘ξ’n •¨ ζψ ‹Ζ ‚ •¨ ‚Μ ‘έΨ ‚Μ ”}‰ξ ‚π ‚·‚ι κ‡ ‚ΙΦ‚·‚ι  ‚Μ ‹Lq ‚Μ ‚¤‚Ώ <UNK> ‘ξ’n •¨ ζψ ‹Ζ–@ ‘ζ <NUM> π ‚Ι ξ‚Γ‚« d—v –€ ‚Ζ ‚µ ‚Δ ΰ–Ύ ‚·‚ι •K—v ‚ ‚Θ‚Ά ‚ΰ‚Μ ‚Ν ‚Η‚κ ‚© <UNK> <EOS>
<BOS> A ‚Μ ’ο“–   ‚ Α–Ε ‚µ ‚½ κ‡ <UNK> A ‚Μ ’ο“–   ‚Μ ‡Κ ‚Ν <UNK> ‘ζ <NUM> ‡Κ ‚©‚η ‘ζ <NUM> ‡Κ ‚Φ ‚Ζ J‚θ γ‚‚ι <UNK> <EOS>,A ‚ <UNK> ©Θ ‚Μ —L ‚·‚ι b “y’n ‚Ι <UNK> A ‚Μ ‚½‚ί ‚Ι ‘ζ <NUM> ‡Κ ‚Μ ’ο“–   ‚π έ’θ ‚µ <UNK> ‚»‚Μ | ‚Μ “o‹L ‚π ‚µ ‚½ γ <UNK> A ‚Μ ‚½‚ί ‚Ι ‘ζ <NUM> ‡Κ ‚Μ ’ο“–   ‚π έ’θ ‚µ <UNK> ‚»‚Μ | ‚Μ “o‹L ‚π ‚µ ‚½ κ‡ ‚ΙΦ‚·‚ι  ‚Μ ‹Lq ‚Μ ‚¤‚Ώ <UNK> –―–@ ‚Μ ‹K’θ ‹y‚Ρ ”»—α ‚Ι ‚ζ‚κ ‚Ξ <UNK> λ‚Α ‚Δ ‚Ά‚ι ‚ΰ‚Μ ‚Ν ‚Η‚κ ‚© <UNK> <EOS>,A ‚ <UNK> ©Θ ‚Μ —L ‚·‚ι b “y’n ‚Ι <UNK> A ‚Μ ‚½‚ί ‚Ι ‘ζ <NUM> ‡Κ ‚Μ ’ο“–   ‚π έ’θ ‚µ <UNK> ‚»‚Μ | ‚Μ “o‹L ‚π ‚µ ‚½ γ <UNK> A ‚Μ ‚½‚ί ‚Ι ‘ζ <NUM> ‡Κ ‚Μ ’ο“–   ‚π έ’θ ‚µ <UNK> ‚»‚Μ | ‚Μ “o‹L ‚π ‚µ ‚½ γ <UNK> A ‚Μ ‚½‚ί ‚Ι ‘ζ <NUM> ‡Κ ‚Μ ’ο“–   ‚π έ’θ ‚µ <UNK> ‚»‚Μ | ‚Μ “o‹L ‚π ‚µ ‚½ γ <UNK> A ‚Μ ‚½‚ί ‚Ι ‘ζ <NUM> ‡Κ ‚Μ ’ο“–   ‚π έ’θ ‚µ <UNK> ‚»‚Μ | ‚Μ “o‹L ‚π ‚µ ‚½ γ <UNK> A ‚Μ ‚½‚ί ‚Ι ‘ζ <NUM> ‡Κ ‚Μ ’ο“–   ‚π έ’θ ‚µ <UNK> ‚»‚Μ | ‚Μ “o‹L ‚π ‚µ ‚½ γ <UNK> A ‚Μ ‚½‚ί ‚Ι ‘ζ <NUM> ‡Κ ‚Μ ’ο“–   ‚π έ’θ ‚µ <UNK> ‚»‚Μ | ‚Μ “o‹L ‚π ‚µ ‚½ γ <UNK>
<BOS> W¬ ή ‚Ν ’P ”Β ‚Θ‚Η ‚π Ο‘w ‚µ ‚½ ‚ΰ‚Μ ‚Ε ‘ε ‹K–Ν ‚Θ –Ψ‘Ά ’z •¨ ‚Ι g—p ‚³ ‚κ‚ι <EOS>,’z •¨ ‚Μ \‘Ά ‚Ζ ή—Ώ ‚ΙΦ‚·‚ι  ‚Μ ‹Lq ‚Μ ‚¤‚Ώ •s “K“– ‚Θ ‚ΰ‚Μ ‚Ν ‚Η‚κ ‚© <EOS>,’z •¨ ‚Μ \‘Ά ‚ΙΦ‚·‚ι  ‚Μ ‹Lq ‚Μ ‚¤‚Ώ λ‚Α ‚Δ ‚Ά‚ι ‚ΰ‚Μ ‚Ν ‚Η‚κ ‚© <EOS>
<BOS> „“Ή ‚ΙΦ‚·‚ι •‰’S ‚ ‚ ‚ι ‚Ι ‚ΰ Φ‚ν‚η ‚Έ <UNK> “–Y –€ ‚Ι‚Β‚Ά‚Δ ‚Ν ΰ–Ύ ‚µ ‚Θ‚©‚Α ‚½ <UNK> <EOS>,‘ξ’n •¨ ζψ ‹Ζ ‚ <UNK> “y’n •t •¨ ‚Μ ”„”ƒ ‚Μ ”}‰ξ ‚π s‚¤ κ‡ ‚Μ <UNK> ‘ξ’n •¨ ζψ ‹Ζ–@ ‘ζ <NUM> π ‚Μ ‹K’θ ‚Ι ξ‚Γ‚­ d—v –€ ‚Μ ΰ–Ύ ‚ΙΦ‚·‚ι  ‚Μ ‹Lq ‚Μ ‚¤‚Ώ <UNK> ‘ξ’n •¨ ζψ ‹Ζ–@ ‚Μ ‹K’θ ‚Ι α”½ ‚µ ‚Θ‚Ά ‚ΰ‚Μ ‚Ν ‚Η‚κ ‚© <UNK> <EOS>,‘ξ’n •¨ ζψ ‹Ζ ‚ <UNK> •¨ ‚Μ ”„”ƒ ‚Μ ”}‰ξ ‚π s‚¤ κ‡ ‚Ι ‘ξ’n •¨ ζψ ‹Ζ–@ ‘ζ <NUM> π ‚Μ ‹K’θ ‚Ι ξ‚Γ‚­ d—v –€ ‚Μ ΰ–Ύ ‚ΙΦ‚·‚ι  ‚Μ ‹Lq ‚Μ ‚¤‚Ώ <UNK> ‘ξ’n •¨ ζψ ‹Ζ–@ ‚Μ ‹K’θ ‚Ι α”½ ‚µ ‚Θ‚Ά ‚ΰ‚Μ ‚Ν ‚Η‚κ ‚© <UNK> <EOS>
